-- phpMyAdmin SQL Dump
-- version 4.3.11
-- http://www.phpmyadmin.net
--
-- Host: 127.0.0.1
-- Generation Time: Jan 16, 2017 at 04:54 AM
-- Server version: 5.6.24
-- PHP Version: 5.6.8

SET SQL_MODE = "NO_AUTO_VALUE_ON_ZERO";
SET time_zone = "+00:00";


/*!40101 SET @OLD_CHARACTER_SET_CLIENT=@@CHARACTER_SET_CLIENT */;
/*!40101 SET @OLD_CHARACTER_SET_RESULTS=@@CHARACTER_SET_RESULTS */;
/*!40101 SET @OLD_COLLATION_CONNECTION=@@COLLATION_CONNECTION */;
/*!40101 SET NAMES utf8 */;

--
-- Database: `sch_upd`
--

-- --------------------------------------------------------

--
-- Table structure for table `academic_syllabus`
--

CREATE TABLE IF NOT EXISTS `academic_syllabus` (
  `academic_syllabus_id` int(11) NOT NULL,
  `academic_syllabus_code` longtext COLLATE utf8_unicode_ci NOT NULL,
  `title` longtext COLLATE utf8_unicode_ci NOT NULL,
  `description` longtext COLLATE utf8_unicode_ci NOT NULL,
  `class_id` int(11) NOT NULL,
  `uploader_type` longtext COLLATE utf8_unicode_ci NOT NULL,
  `uploader_id` int(11) NOT NULL,
  `year` longtext COLLATE utf8_unicode_ci NOT NULL,
  `timestamp` longtext COLLATE utf8_unicode_ci NOT NULL,
  `file_name` longtext COLLATE utf8_unicode_ci NOT NULL
) ENGINE=InnoDB DEFAULT CHARSET=utf8 COLLATE=utf8_unicode_ci;

-- --------------------------------------------------------

--
-- Table structure for table `admin`
--

CREATE TABLE IF NOT EXISTS `admin` (
  `admin_id` int(11) NOT NULL,
  `name` longtext COLLATE utf8_unicode_ci NOT NULL,
  `email` longtext COLLATE utf8_unicode_ci NOT NULL,
  `password` longtext COLLATE utf8_unicode_ci NOT NULL,
  `level` longtext COLLATE utf8_unicode_ci NOT NULL,
  `authentication_key` longtext COLLATE utf8_unicode_ci NOT NULL
) ENGINE=InnoDB AUTO_INCREMENT=2 DEFAULT CHARSET=utf8 COLLATE=utf8_unicode_ci;

--
-- Dumping data for table `admin`
--

INSERT INTO `admin` (`admin_id`, `name`, `email`, `password`, `level`, `authentication_key`) VALUES
(1, 'Mr. Admin', 'admin@admin.com', '$2y$10$iU0LjHRB3x7P7c9vdIQqtu/vEHXkB94ZMNZphXE518x78qKLT4p0u', '1', '');

-- --------------------------------------------------------

--
-- Table structure for table `attendance`
--

CREATE TABLE IF NOT EXISTS `attendance` (
  `attendance_id` int(11) NOT NULL,
  `timestamp` longtext COLLATE utf8_unicode_ci NOT NULL,
  `year` longtext COLLATE utf8_unicode_ci NOT NULL,
  `class_id` int(11) NOT NULL,
  `section_id` int(11) NOT NULL,
  `student_id` int(11) NOT NULL,
  `class_routine_id` int(11) NOT NULL,
  `status` int(11) NOT NULL DEFAULT '0' COMMENT '0(undefined) 1(present) 2(absent)'
) ENGINE=InnoDB AUTO_INCREMENT=26 DEFAULT CHARSET=utf8 COLLATE=utf8_unicode_ci;

--
-- Dumping data for table `attendance`
--

INSERT INTO `attendance` (`attendance_id`, `timestamp`, `year`, `class_id`, `section_id`, `student_id`, `class_routine_id`, `status`) VALUES
(1, '1463090400', '2016-2017', 2, 2, 1, 0, 1),
(2, '1463090400', '2016-2017', 2, 2, 2, 0, 2),
(3, '1463090400', '2016-2017', 3, 3, 3, 0, 0),
(4, '1463090400', '2016-2017', 3, 3, 4, 0, 0),
(5, '1463868000', '2016-2017', 2, 2, 1, 0, 0),
(6, '1463868000', '2016-2017', 2, 2, 2, 0, 0),
(7, '1463868000', '2016-2017', 2, 2, 5, 0, 0),
(8, '1463868000', '2016-2017', 2, 2, 6, 0, 0),
(9, '1463868000', '2016-2017', 2, 2, 7, 0, 0),
(10, '1463868000', '2016-2017', 2, 2, 8, 0, 0),
(11, '1463868000', '2016-2017', 2, 2, 9, 0, 0),
(12, '1463868000', '2016-2017', 2, 2, 10, 0, 0),
(13, '1463868000', '2016-2017', 2, 2, 11, 0, 0),
(14, '1463868000', '2016-2017', 2, 2, 12, 0, 0),
(15, '1463868000', '2016-2017', 2, 2, 13, 0, 0),
(16, '1467756000', '2016-2017', 2, 2, 1, 0, 0),
(17, '1467756000', '2016-2017', 2, 2, 5, 0, 0),
(18, '1467756000', '2016-2017', 2, 2, 6, 0, 0),
(19, '1467756000', '2016-2017', 2, 2, 7, 0, 0),
(20, '1467756000', '2016-2017', 2, 2, 8, 0, 0),
(21, '1467756000', '2016-2017', 2, 2, 9, 0, 0),
(22, '1467756000', '2016-2017', 2, 2, 10, 0, 0),
(23, '1467756000', '2016-2017', 2, 2, 11, 0, 0),
(24, '1467756000', '2016-2017', 2, 2, 12, 0, 0),
(25, '1467756000', '2016-2017', 2, 2, 13, 0, 0);

-- --------------------------------------------------------

--
-- Table structure for table `attendance_backup`
--

CREATE TABLE IF NOT EXISTS `attendance_backup` (
  `attendance_id` int(11) NOT NULL,
  `status` int(11) NOT NULL COMMENT '0 undefined , 1 present , 2  absent',
  `student_id` int(11) NOT NULL,
  `date` date NOT NULL,
  `year` longtext CHARACTER SET utf8 COLLATE utf8_unicode_ci NOT NULL,
  `class_id` int(11) NOT NULL,
  `section_id` int(11) NOT NULL,
  `session` longtext NOT NULL
) ENGINE=InnoDB AUTO_INCREMENT=3 DEFAULT CHARSET=latin1;

--
-- Dumping data for table `attendance_backup`
--

INSERT INTO `attendance_backup` (`attendance_id`, `status`, `student_id`, `date`, `year`, `class_id`, `section_id`, `session`) VALUES
(1, 0, 4, '2016-03-08', '2016-2017', 1, 1, ''),
(2, 0, 5, '2016-03-08', '2016-2017', 1, 1, '');

-- --------------------------------------------------------

--
-- Table structure for table `book`
--

CREATE TABLE IF NOT EXISTS `book` (
  `book_id` int(11) NOT NULL,
  `name` longtext COLLATE utf8_unicode_ci NOT NULL,
  `description` longtext COLLATE utf8_unicode_ci NOT NULL,
  `author` longtext COLLATE utf8_unicode_ci NOT NULL,
  `class_id` longtext COLLATE utf8_unicode_ci NOT NULL,
  `status` longtext COLLATE utf8_unicode_ci NOT NULL,
  `price` longtext COLLATE utf8_unicode_ci NOT NULL
) ENGINE=InnoDB AUTO_INCREMENT=3 DEFAULT CHARSET=utf8 COLLATE=utf8_unicode_ci;

--
-- Dumping data for table `book`
--

INSERT INTO `book` (`book_id`, `name`, `description`, `author`, `class_id`, `status`, `price`) VALUES
(1, 'Chike and the River', 'Funny Book', 'Chinua Achebe', '2', 'available', ''),
(2, 'Book 2', 'Amazing  Book', 'Cj Inspired', '3', 'unavailable', '');

-- --------------------------------------------------------

--
-- Table structure for table `calendar`
--

CREATE TABLE IF NOT EXISTS `calendar` (
  `calendar_id` int(11) NOT NULL,
  `name` text NOT NULL,
  `term` tinyint(1) NOT NULL,
  `year` text NOT NULL,
  `calendar_code` text NOT NULL,
  `default_status` tinyint(1) NOT NULL DEFAULT '0'
) ENGINE=InnoDB AUTO_INCREMENT=8 DEFAULT CHARSET=latin1;

--
-- Dumping data for table `calendar`
--

INSERT INTO `calendar` (`calendar_id`, `name`, `term`, `year`, `calendar_code`, `default_status`) VALUES
(1, 'My Calendar', 1, '2016-2017', '34', 0),
(4, 'My Calendar 42', 2, '2016-2017', '267d', 0),
(5, 'Calendar 3', 3, '2016-2017', '977d', 0),
(6, 'The Big Calendar', 2, '2016-2017', '0be0', 0),
(7, 'School Calendar 10', 2, '2016-2017', 'c3f6', 1);

-- --------------------------------------------------------

--
-- Table structure for table `calendar_info`
--

CREATE TABLE IF NOT EXISTS `calendar_info` (
  `id` int(11) NOT NULL,
  `calendar_id` int(11) NOT NULL,
  `week` text NOT NULL,
  `date` text NOT NULL,
  `activity` longtext NOT NULL
) ENGINE=InnoDB AUTO_INCREMENT=28 DEFAULT CHARSET=latin1;

--
-- Dumping data for table `calendar_info`
--

INSERT INTO `calendar_info` (`id`, `calendar_id`, `week`, `date`, `activity`) VALUES
(1, 1, '1', 'June 9, 2016 - November 18, 2016', 'We will see you later'),
(2, 1, '2', 'June 9, 2016 - June 9, 2016', 'There will be no holidays for lazy students'),
(3, 4, '5', 'August 25, 2016 - August 26, 2016', 'jUST cHECKING 4TH ROW'),
(4, 4, '5', 'August 25, 2016 - August 26, 2016', 'jUST cHECKING 4TH ROW'),
(5, 4, '5', 'August 25, 2016 - August 26, 2016', 'jUST cHECKING 4TH ROW'),
(6, 5, '1', 'June 11, 2016 - June 11, 2016', 'hdbhdbhdb'),
(7, 5, '2', 'June 22, 2016 - June 23, 2016', 'jhjebjbdejebhbe'),
(8, 5, '3', 'June 11, 2016 - June 11, 2016', 'jhbejbhebhbehbeh'),
(9, 5, '3', 'June 11, 2016 - June 11, 2016', 'jhbejbhebhbehbeh'),
(10, 5, '3', 'June 11, 2016 - June 11, 2016', 'jhbejbhebhbehbeh'),
(11, 6, '1', 'June 11, 2016 - July 6, 2016', 'Lets see if you type a long statement whether it will work or it will fail due to the economic situation of the country in Nigeria and Africa '),
(12, 6, '2', 'June 6, 2016 - June 11, 2016', 'Lets see if you type a long statement whether it will work or it will fail due to the economic situation of the country in Nigeria and Africa '),
(13, 6, '3', 'May 12, 2016 - June 7, 2016', 'Lets see if you type a long statement whether it will work or it will fail due to the economic situation of the country in Nigeria and africa '),
(14, 6, '4', 'June 24, 2016 - June 25, 2016', 'Lets see if you type a long statement whether it will work or it will fail due to the economic situation of the country in Nigeria and africa '),
(15, 7, '1', 'July 11, 2016 - July 15, 2016', 'REVISIONS AND TEACHING'),
(16, 7, '2', 'July 18, 2016 - July 22, 2016', 'CLASSES CONTINUES / WELCOME TEST'),
(17, 7, '3', 'July 25, 2016 - July 29, 2016', 'CLASSES AND ASSIGNMENTS'),
(18, 7, '4', 'August 1, 2016 - August 5, 2016', 'CLASSES AND TEACHING CONTINUES'),
(19, 7, '5', 'July 8, 2016 - July 12, 2016', 'CLASSES AND TEACHING CONTINUES'),
(20, 7, '6', 'July 15, 2016 - July 19, 2016', 'CLASS TEACHING CONTINUES'),
(21, 7, '7', 'July 22, 2016 - July 26, 2016', 'MID-TERM / CULTURAL DAY'),
(22, 7, '8', 'July 29, 2016 - August 4, 2016', 'CLASSES CONTINUES'),
(23, 7, '9', 'August 7, 2016 - August 11, 2016', 'CLASSES AND INTERHOUSE'),
(24, 7, '10', 'August 14, 2016 - August 18, 2016', 'LESSONS AND ASSIGNMENT'),
(25, 7, '11', 'August 21, 2016 - August 25, 2016', 'LESSONS CONTINUES'),
(26, 7, '12', 'August 28, 2016 - September 1, 2016', 'REVISION AND END OF TERM''S EXAMS'),
(27, 7, '13', 'September 4, 2016 - September 8, 2016', 'RESULTS COMPILATION AND HOLIDAY');

-- --------------------------------------------------------

--
-- Table structure for table `ci_sessions`
--

CREATE TABLE IF NOT EXISTS `ci_sessions` (
  `id` varchar(40) COLLATE utf8_unicode_ci NOT NULL,
  `ip_address` varchar(45) COLLATE utf8_unicode_ci NOT NULL,
  `timestamp` int(10) unsigned NOT NULL DEFAULT '0',
  `data` blob NOT NULL
) ENGINE=InnoDB DEFAULT CHARSET=utf8 COLLATE=utf8_unicode_ci;

--
-- Dumping data for table `ci_sessions`
--

INSERT INTO `ci_sessions` (`id`, `ip_address`, `timestamp`, `data`) VALUES
('000bd1806c7cc1b084afd9201122b32e34a18cdd', '::1', 1472310482, 0x5f5f63695f6c6173745f726567656e65726174657c693a313437323331303334383b706172656e745f6c6f67696e7c733a313a2231223b706172656e745f69647c733a313a2231223b6c6f67696e5f757365725f69647c733a313a2231223b6e616d657c733a383a22506172656e742031223b6c6f67696e5f747970657c733a363a22706172656e74223b),
('03a84ed873e1738f55f45ae6ad2d27718ea1fa16', '::1', 1472310054, 0x5f5f63695f6c6173745f726567656e65726174657c693a313437323331303035343b706172656e745f6c6f67696e7c733a313a2231223b706172656e745f69647c733a313a2231223b6c6f67696e5f757365725f69647c733a313a2231223b6e616d657c733a383a22506172656e742031223b6c6f67696e5f747970657c733a363a22706172656e74223b),
('05f8a86a1fec3b84aea4032df5776560f338319b', '::1', 1472328113, 0x5f5f63695f6c6173745f726567656e65726174657c693a313437323332383039373b706172656e745f6c6f67696e7c733a313a2231223b706172656e745f69647c733a313a2231223b6c6f67696e5f757365725f69647c733a313a2231223b6e616d657c733a383a22506172656e742031223b6c6f67696e5f747970657c733a363a22706172656e74223b),
('0605e7d95209e46eccd74dc18c06c72287283701', '::1', 1472203469, 0x5f5f63695f6c6173745f726567656e65726174657c693a313437323230333436393b61646d696e5f6c6f67696e7c733a313a2231223b61646d696e5f69647c733a313a2231223b6c6f67696e5f757365725f69647c733a313a2231223b6e616d657c733a393a224d722e2041646d696e223b6c6f67696e5f747970657c733a353a2261646d696e223b),
('066a79f79854156fb6675dab9183d6e68665862b', '::1', 1472205263, 0x5f5f63695f6c6173745f726567656e65726174657c693a313437323230353032363b61646d696e5f6c6f67696e7c733a313a2231223b61646d696e5f69647c733a313a2231223b6c6f67696e5f757365725f69647c733a313a2231223b6e616d657c733a393a224d722e2041646d696e223b6c6f67696e5f747970657c733a353a2261646d696e223b),
('093222279d74d9d7d06ba2e1e01ef8044ee280d2', '::1', 1483928315, 0x5f5f63695f6c6173745f726567656e65726174657c693a313438333932383236343b746561636865725f6c6f67696e7c733a313a2231223b746561636865725f69647c733a313a2231223b6c6f67696e5f757365725f69647c733a313a2231223b6e616d657c733a31313a224d6f7365732044616e6b6f223b6c6f67696e5f747970657c733a373a2274656163686572223b),
('0f3899eaa2ed16311f18efbc87e755f9141658e7', '::1', 1472238724, 0x5f5f63695f6c6173745f726567656e65726174657c693a313437323233383730393b61646d696e5f6c6f67696e7c733a313a2231223b61646d696e5f69647c733a313a2231223b6c6f67696e5f757365725f69647c733a313a2231223b6e616d657c733a393a224d722e2041646d696e223b6c6f67696e5f747970657c733a353a2261646d696e223b666c6173685f6d6573736167657c733a31363a224d6573736167652044656c6574656421223b5f5f63695f766172737c613a313a7b733a31333a22666c6173685f6d657373616765223b733a333a226f6c64223b7d),
('101f619f6fc1204ab0c0ce2ad67499fe2faac584', '::1', 1472290427, 0x5f5f63695f6c6173745f726567656e65726174657c693a313437323239303234373b706172656e745f6c6f67696e7c733a313a2231223b706172656e745f69647c733a313a2231223b6c6f67696e5f757365725f69647c733a313a2231223b6e616d657c733a383a22506172656e742031223b6c6f67696e5f747970657c733a363a22706172656e74223b666c6173685f6d6573736167657c733a31333a224d6573736167652053656e7421223b5f5f63695f766172737c613a313a7b733a31333a22666c6173685f6d657373616765223b733a333a226f6c64223b7d),
('15e2fea27a8c5498d90f51db0aa31637d948e652', '::1', 1472312362, 0x5f5f63695f6c6173745f726567656e65726174657c693a313437323331323232383b61646d696e5f6c6f67696e7c733a313a2231223b61646d696e5f69647c733a313a2231223b6c6f67696e5f757365725f69647c733a313a2231223b6e616d657c733a393a224d722e2041646d696e223b6c6f67696e5f747970657c733a353a2261646d696e223b),
('172388e6b171aa862911b4b3bb50703ea7caf16b', '::1', 1472232697, 0x5f5f63695f6c6173745f726567656e65726174657c693a313437323233323634363b61646d696e5f6c6f67696e7c733a313a2231223b61646d696e5f69647c733a313a2231223b6c6f67696e5f757365725f69647c733a313a2231223b6e616d657c733a393a224d722e2041646d696e223b6c6f67696e5f747970657c733a353a2261646d696e223b666c6173685f6d6573736167657c733a31363a224d6573736167652044656c6574656421223b5f5f63695f766172737c613a313a7b733a31333a22666c6173685f6d657373616765223b733a333a226f6c64223b7d),
('17775f4219931dbc056dccfc662a9cf5ff98b48f', '::1', 1472327765, 0x5f5f63695f6c6173745f726567656e65726174657c693a313437323332373736353b706172656e745f6c6f67696e7c733a313a2231223b706172656e745f69647c733a313a2231223b6c6f67696e5f757365725f69647c733a313a2231223b6e616d657c733a383a22506172656e742031223b6c6f67696e5f747970657c733a363a22706172656e74223b),
('2082e9e9a929e42c202646f0c45eaa119299e95b', '::1', 1472291225, 0x5f5f63695f6c6173745f726567656e65726174657c693a313437323239313232353b706172656e745f6c6f67696e7c733a313a2231223b706172656e745f69647c733a313a2231223b6c6f67696e5f757365725f69647c733a313a2231223b6e616d657c733a383a22506172656e742031223b6c6f67696e5f747970657c733a363a22706172656e74223b),
('234cca68c04ebfc2b061c0516657611f2cd16891', '::1', 1472229440, 0x5f5f63695f6c6173745f726567656e65726174657c693a313437323232393434303b61646d696e5f6c6f67696e7c733a313a2231223b61646d696e5f69647c733a313a2231223b6c6f67696e5f757365725f69647c733a313a2231223b6e616d657c733a393a224d722e2041646d696e223b6c6f67696e5f747970657c733a353a2261646d696e223b),
('2555d4341e24f076b18af95525eb588c7544bba6', '::1', 1472296124, 0x5f5f63695f6c6173745f726567656e65726174657c693a313437323239363032383b706172656e745f6c6f67696e7c733a313a2231223b706172656e745f69647c733a313a2231223b6c6f67696e5f757365725f69647c733a313a2231223b6e616d657c733a383a22506172656e742031223b6c6f67696e5f747970657c733a363a22706172656e74223b),
('26227679b3cdfcabac90dbc228c5922d97bf4569', '::1', 1472302151, 0x5f5f63695f6c6173745f726567656e65726174657c693a313437323330323134383b706172656e745f6c6f67696e7c733a313a2231223b706172656e745f69647c733a313a2231223b6c6f67696e5f757365725f69647c733a313a2231223b6e616d657c733a383a22506172656e742031223b6c6f67696e5f747970657c733a363a22706172656e74223b),
('266155f7ee672369f14bd0f6c04d9f19b2bd5524', '::1', 1472324513, 0x5f5f63695f6c6173745f726567656e65726174657c693a313437323332343239393b706172656e745f6c6f67696e7c733a313a2231223b706172656e745f69647c733a313a2231223b6c6f67696e5f757365725f69647c733a313a2231223b6e616d657c733a383a22506172656e742031223b6c6f67696e5f747970657c733a363a22706172656e74223b),
('27f6c1a942e7312f571d51878a72a1a979b46c2b', '::1', 1472239750, 0x5f5f63695f6c6173745f726567656e65726174657c693a313437323233393437363b61646d696e5f6c6f67696e7c733a313a2231223b61646d696e5f69647c733a313a2231223b6c6f67696e5f757365725f69647c733a313a2231223b6e616d657c733a393a224d722e2041646d696e223b6c6f67696e5f747970657c733a353a2261646d696e223b),
('297a90703d9f55e1c82d152d20e2ebf2f978d7b2', '::1', 1472309732, 0x5f5f63695f6c6173745f726567656e65726174657c693a313437323330393733323b706172656e745f6c6f67696e7c733a313a2231223b706172656e745f69647c733a313a2231223b6c6f67696e5f757365725f69647c733a313a2231223b6e616d657c733a383a22506172656e742031223b6c6f67696e5f747970657c733a363a22706172656e74223b),
('2b2012c026266c146897ce617e0f552c20fbc299', '::1', 1472296362, 0x5f5f63695f6c6173745f726567656e65726174657c693a313437323239363336323b706172656e745f6c6f67696e7c733a313a2231223b706172656e745f69647c733a313a2231223b6c6f67696e5f757365725f69647c733a313a2231223b6e616d657c733a383a22506172656e742031223b6c6f67696e5f747970657c733a363a22706172656e74223b),
('2eb007a425ba4e9acc23ae4d1c59efc4f1b3a85e', '::1', 1472333136, 0x5f5f63695f6c6173745f726567656e65726174657c693a313437323333333133363b),
('2f1fb2ea562b1306d0e3c4f9762e50069a4dbd20', '::1', 1472298026, 0x5f5f63695f6c6173745f726567656e65726174657c693a313437323239383032363b706172656e745f6c6f67696e7c733a313a2231223b706172656e745f69647c733a313a2231223b6c6f67696e5f757365725f69647c733a313a2231223b6e616d657c733a383a22506172656e742031223b6c6f67696e5f747970657c733a363a22706172656e74223b),
('31fd3f21fda208f97bae9c4e95d72df9906ec15f', '::1', 1479628176, 0x5f5f63695f6c6173745f726567656e65726174657c693a313437393632373737323b746561636865725f6c6f67696e7c733a313a2231223b746561636865725f69647c733a313a2231223b6c6f67696e5f757365725f69647c733a313a2231223b6e616d657c733a31313a224d6f7365732044616e6b6f223b6c6f67696e5f747970657c733a373a2274656163686572223b),
('3245230db05a0d0c0c16810dc66d96951496a47a', '::1', 1473261652, 0x5f5f63695f6c6173745f726567656e65726174657c693a313437333236313632313b73747564656e745f6c6f67696e7c733a313a2231223b73747564656e745f69647c733a313a2231223b6c6f67696e5f757365725f69647c733a313a2231223b6e616d657c733a31303a224d61726b2053696d6f6e223b6c6f67696e5f747970657c733a373a2273747564656e74223b),
('3358b7424e407342d5fc9b32a7494f1cecedaa7c', '::1', 1472307662, 0x5f5f63695f6c6173745f726567656e65726174657c693a313437323330373634363b706172656e745f6c6f67696e7c733a313a2231223b706172656e745f69647c733a313a2231223b6c6f67696e5f757365725f69647c733a313a2231223b6e616d657c733a383a22506172656e742031223b6c6f67696e5f747970657c733a363a22706172656e74223b),
('3437bdca338e0e02c28733ca16298586eaaeb461', '::1', 1472321778, 0x5f5f63695f6c6173745f726567656e65726174657c693a313437323332313531313b706172656e745f6c6f67696e7c733a313a2231223b706172656e745f69647c733a313a2231223b6c6f67696e5f757365725f69647c733a313a2231223b6e616d657c733a383a22506172656e742031223b6c6f67696e5f747970657c733a363a22706172656e74223b),
('37e69f5dfeab981cd7e608d4de4f5501e4feb9ce', '::1', 1472294919, 0x5f5f63695f6c6173745f726567656e65726174657c693a313437323239343931393b706172656e745f6c6f67696e7c733a313a2231223b706172656e745f69647c733a313a2231223b6c6f67696e5f757365725f69647c733a313a2231223b6e616d657c733a383a22506172656e742031223b6c6f67696e5f747970657c733a363a22706172656e74223b),
('3a16023c8365dcbac252bf00e883e4d3ca891a09', '::1', 1472308560, 0x5f5f63695f6c6173745f726567656e65726174657c693a313437323330383535393b706172656e745f6c6f67696e7c733a313a2231223b706172656e745f69647c733a313a2231223b6c6f67696e5f757365725f69647c733a313a2231223b6e616d657c733a383a22506172656e742031223b6c6f67696e5f747970657c733a363a22706172656e74223b),
('3e26dbd5425b1eb10274dfd7bff46e3475f10269', '::1', 1472323224, 0x5f5f63695f6c6173745f726567656e65726174657c693a313437323332333232343b706172656e745f6c6f67696e7c733a313a2231223b706172656e745f69647c733a313a2231223b6c6f67696e5f757365725f69647c733a313a2231223b6e616d657c733a383a22506172656e742031223b6c6f67696e5f747970657c733a363a22706172656e74223b),
('3e6e056798233ffb5fac95aea02c674fc8906714', '::1', 1473308435, 0x5f5f63695f6c6173745f726567656e65726174657c693a313437333330383137313b73747564656e745f6c6f67696e7c733a313a2231223b73747564656e745f69647c733a313a2231223b6c6f67696e5f757365725f69647c733a313a2231223b6e616d657c733a31303a224d61726b2053696d6f6e223b6c6f67696e5f747970657c733a373a2273747564656e74223b),
('40cfe2278297654730aa15ea8f570b719094834e', '::1', 1472328576, 0x5f5f63695f6c6173745f726567656e65726174657c693a313437323332383537363b706172656e745f6c6f67696e7c733a313a2231223b706172656e745f69647c733a313a2231223b6c6f67696e5f757365725f69647c733a313a2231223b6e616d657c733a383a22506172656e742031223b6c6f67696e5f747970657c733a363a22706172656e74223b),
('442674645dbb1384548db2b288f7fc847b2464dc', '::1', 1473261464, 0x5f5f63695f6c6173745f726567656e65726174657c693a313437333236313238373b73747564656e745f6c6f67696e7c733a313a2231223b73747564656e745f69647c733a313a2231223b6c6f67696e5f757365725f69647c733a313a2231223b6e616d657c733a31303a224d61726b2053696d6f6e223b6c6f67696e5f747970657c733a373a2273747564656e74223b666c6173685f6d6573736167657c733a31353a224163636f756e742055706461746564223b5f5f63695f766172737c613a313a7b733a31333a22666c6173685f6d657373616765223b733a333a226f6c64223b7d),
('442812268c75df3217d82ccb45ec647876faea58', '::1', 1473308532, 0x5f5f63695f6c6173745f726567656e65726174657c693a313437333330383438343b73747564656e745f6c6f67696e7c733a313a2231223b73747564656e745f69647c733a313a2231223b6c6f67696e5f757365725f69647c733a313a2231223b6e616d657c733a31303a224d61726b2053696d6f6e223b6c6f67696e5f747970657c733a373a2273747564656e74223b),
('4544d4cb391c163201a03b74b96f0ceb987d0bd7', '::1', 1472310047, 0x5f5f63695f6c6173745f726567656e65726174657c693a313437323331303034373b706172656e745f6c6f67696e7c733a313a2231223b706172656e745f69647c733a313a2231223b6c6f67696e5f757365725f69647c733a313a2231223b6e616d657c733a383a22506172656e742031223b6c6f67696e5f747970657c733a363a22706172656e74223b),
('47d1eba01e58060dbcee0427770f2136acb87a38', '::1', 1472329084, 0x5f5f63695f6c6173745f726567656e65726174657c693a313437323332393038343b706172656e745f6c6f67696e7c733a313a2231223b706172656e745f69647c733a313a2231223b6c6f67696e5f757365725f69647c733a313a2231223b6e616d657c733a383a22506172656e742031223b6c6f67696e5f747970657c733a363a22706172656e74223b),
('490c5c9aa94c6e4303559418612c1c28a80de5b6', '::1', 1472331137, 0x5f5f63695f6c6173745f726567656e65726174657c693a313437323333313132393b61646d696e5f6c6f67696e7c733a313a2231223b61646d696e5f69647c733a313a2231223b6c6f67696e5f757365725f69647c733a313a2231223b6e616d657c733a393a224d722e2041646d696e223b6c6f67696e5f747970657c733a353a2261646d696e223b),
('4a8b0ca2ba69205b29668e25805d803f65058bc4', '::1', 1472331921, 0x5f5f63695f6c6173745f726567656e65726174657c693a313437323333313835313b706172656e745f6c6f67696e7c733a313a2231223b706172656e745f69647c733a313a2231223b6c6f67696e5f757365725f69647c733a313a2231223b6e616d657c733a383a22506172656e742031223b6c6f67696e5f747970657c733a363a22706172656e74223b666c6173685f6d6573736167657c733a31363a224d6573736167652044656c6574656421223b5f5f63695f766172737c613a313a7b733a31333a22666c6173685f6d657373616765223b733a333a226f6c64223b7d),
('4b97b99199c2c402c03bf7af417ac64195d3e94f', '::1', 1472303915, 0x5f5f63695f6c6173745f726567656e65726174657c693a313437323330333931353b706172656e745f6c6f67696e7c733a313a2231223b706172656e745f69647c733a313a2231223b6c6f67696e5f757365725f69647c733a313a2231223b6e616d657c733a383a22506172656e742031223b6c6f67696e5f747970657c733a363a22706172656e74223b),
('4d67303332d510ad2e77c245278fe31e054b3273', '::1', 1472231156, 0x5f5f63695f6c6173745f726567656e65726174657c693a313437323233313135353b61646d696e5f6c6f67696e7c733a313a2231223b61646d696e5f69647c733a313a2231223b6c6f67696e5f757365725f69647c733a313a2231223b6e616d657c733a393a224d722e2041646d696e223b6c6f67696e5f747970657c733a353a2261646d696e223b),
('4e51c3345dd4b7a6e4290c08f87b01874311471d', '::1', 1472323214, 0x5f5f63695f6c6173745f726567656e65726174657c693a313437323332323932313b706172656e745f6c6f67696e7c733a313a2231223b706172656e745f69647c733a313a2231223b6c6f67696e5f757365725f69647c733a313a2231223b6e616d657c733a383a22506172656e742031223b6c6f67696e5f747970657c733a363a22706172656e74223b),
('4ea795b94aa1d276294cac6f94c932d5c1c385f3', '::1', 1472301846, 0x5f5f63695f6c6173745f726567656e65726174657c693a313437323330313834363b706172656e745f6c6f67696e7c733a313a2231223b706172656e745f69647c733a313a2231223b6c6f67696e5f757365725f69647c733a313a2231223b6e616d657c733a383a22506172656e742031223b6c6f67696e5f747970657c733a363a22706172656e74223b),
('4f43415a4f0fe341fc4252de2676838ababf60a8', '::1', 1472314310, 0x5f5f63695f6c6173745f726567656e65726174657c693a313437323331343331303b706172656e745f6c6f67696e7c733a313a2231223b706172656e745f69647c733a313a2231223b6c6f67696e5f757365725f69647c733a313a2231223b6e616d657c733a383a22506172656e742031223b6c6f67696e5f747970657c733a363a22706172656e74223b),
('508aa4f0e33b89056106f4e46553143da1835c61', '::1', 1472290939, 0x5f5f63695f6c6173745f726567656e65726174657c693a313437323239303932343b706172656e745f6c6f67696e7c733a313a2231223b706172656e745f69647c733a313a2231223b6c6f67696e5f757365725f69647c733a313a2231223b6e616d657c733a383a22506172656e742031223b6c6f67696e5f747970657c733a363a22706172656e74223b),
('5282e2d14f64fd545c998df0c73aec6ff770607a', '::1', 1472210731, 0x5f5f63695f6c6173745f726567656e65726174657c693a313437323231303636353b746561636865725f6c6f67696e7c733a313a2231223b746561636865725f69647c733a313a2231223b6c6f67696e5f757365725f69647c733a313a2231223b6e616d657c733a31313a224d6f7365732044616e6b6f223b6c6f67696e5f747970657c733a373a2274656163686572223b666c6173685f6d6573736167657c733a31333a224d6573736167652053656e7421223b5f5f63695f766172737c613a313a7b733a31333a22666c6173685f6d657373616765223b733a333a226f6c64223b7d),
('532726698b279918dbc78f82cb1fd8a4ca9d5940', '::1', 1474455027, 0x5f5f63695f6c6173745f726567656e65726174657c693a313437343435343935333b746561636865725f6c6f67696e7c733a313a2231223b746561636865725f69647c733a313a2231223b6c6f67696e5f757365725f69647c733a313a2231223b6e616d657c733a31313a224d6f7365732044616e6b6f223b6c6f67696e5f747970657c733a373a2274656163686572223b),
('5394e856d36a09a12cb0cdd33bae8611dc43372c', '::1', 1472309308, 0x5f5f63695f6c6173745f726567656e65726174657c693a313437323330393330383b706172656e745f6c6f67696e7c733a313a2231223b706172656e745f69647c733a313a2231223b6c6f67696e5f757365725f69647c733a313a2231223b6e616d657c733a383a22506172656e742031223b6c6f67696e5f747970657c733a363a22706172656e74223b),
('5578b1ee3161b041832e213c5370f49723e4b49a', '::1', 1472325792, 0x5f5f63695f6c6173745f726567656e65726174657c693a313437323332353737373b706172656e745f6c6f67696e7c733a313a2231223b706172656e745f69647c733a313a2231223b6c6f67696e5f757365725f69647c733a313a2231223b6e616d657c733a383a22506172656e742031223b6c6f67696e5f747970657c733a363a22706172656e74223b),
('5741d7b5c625ee35d65276111edbf85b5d7e773e', '::1', 1472308752, 0x5f5f63695f6c6173745f726567656e65726174657c693a313437323330383735323b706172656e745f6c6f67696e7c733a313a2231223b706172656e745f69647c733a313a2231223b6c6f67696e5f757365725f69647c733a313a2231223b6e616d657c733a383a22506172656e742031223b6c6f67696e5f747970657c733a363a22706172656e74223b),
('5c59a99130489e2f09ffc14e87a3ca7e2b819e32', '::1', 1479628368, 0x5f5f63695f6c6173745f726567656e65726174657c693a313437393632383330363b61646d696e5f6c6f67696e7c733a313a2231223b61646d696e5f69647c733a313a2231223b6c6f67696e5f757365725f69647c733a313a2231223b6e616d657c733a393a224d722e2041646d696e223b6c6f67696e5f747970657c733a353a2261646d696e223b),
('5ff06a5b61e6cad904dc4528313d8002e1168181', '::1', 1472328097, 0x5f5f63695f6c6173745f726567656e65726174657c693a313437323332383036373b706172656e745f6c6f67696e7c733a313a2231223b706172656e745f69647c733a313a2231223b6c6f67696e5f757365725f69647c733a313a2231223b6e616d657c733a383a22506172656e742031223b6c6f67696e5f747970657c733a363a22706172656e74223b),
('6052d2dc845dd75e075a2c43905dffee16d8fd63', '::1', 1473262170, 0x5f5f63695f6c6173745f726567656e65726174657c693a313437333236323137303b),
('666ae937fe2cac2a9582909bc15e50e52f79fb13', '::1', 1472332479, 0x5f5f63695f6c6173745f726567656e65726174657c693a313437323333323234373b61646d696e5f6c6f67696e7c733a313a2231223b61646d696e5f69647c733a313a2231223b6c6f67696e5f757365725f69647c733a313a2231223b6e616d657c733a393a224d722e2041646d696e223b6c6f67696e5f747970657c733a353a2261646d696e223b666c6173685f6d6573736167657c733a31333a224d6573736167652053656e7421223b5f5f63695f766172737c613a313a7b733a31333a22666c6173685f6d657373616765223b733a333a226f6c64223b7d),
('686813aa116e93d08387a91bf300d987bc3dcb47', '::1', 1472301225, 0x5f5f63695f6c6173745f726567656e65726174657c693a313437323330313232353b706172656e745f6c6f67696e7c733a313a2231223b706172656e745f69647c733a313a2231223b6c6f67696e5f757365725f69647c733a313a2231223b6e616d657c733a383a22506172656e742031223b6c6f67696e5f747970657c733a363a22706172656e74223b),
('69101b1aae14f7fcd13d03a3a7b5027cfcefbdde', '::1', 1472239338, 0x5f5f63695f6c6173745f726567656e65726174657c693a313437323233393037323b61646d696e5f6c6f67696e7c733a313a2231223b61646d696e5f69647c733a313a2231223b6c6f67696e5f757365725f69647c733a313a2231223b6e616d657c733a393a224d722e2041646d696e223b6c6f67696e5f747970657c733a353a2261646d696e223b666c6173685f6d6573736167657c733a31363a224d6573736167652044656c6574656421223b5f5f63695f766172737c613a313a7b733a31333a22666c6173685f6d657373616765223b733a333a226f6c64223b7d),
('6cb5772656181e62640e5ce3450b6d5c31fd4996', '::1', 1472307598, 0x5f5f63695f6c6173745f726567656e65726174657c693a313437323330373539383b706172656e745f6c6f67696e7c733a313a2231223b706172656e745f69647c733a313a2231223b6c6f67696e5f757365725f69647c733a313a2231223b6e616d657c733a383a22506172656e742031223b6c6f67696e5f747970657c733a363a22706172656e74223b),
('741434aadd26782bc0f2793e6158ec4d34d66965', '::1', 1472212677, 0x5f5f63695f6c6173745f726567656e65726174657c693a313437323231323636333b746561636865725f6c6f67696e7c733a313a2231223b746561636865725f69647c733a313a2231223b6c6f67696e5f757365725f69647c733a313a2231223b6e616d657c733a31313a224d6f7365732044616e6b6f223b6c6f67696e5f747970657c733a373a2274656163686572223b),
('75c13be1af7d21a291edf311aee6e2bd9b9cda1c', '::1', 1472321876, 0x5f5f63695f6c6173745f726567656e65726174657c693a313437323332313837363b706172656e745f6c6f67696e7c733a313a2231223b706172656e745f69647c733a313a2231223b6c6f67696e5f757365725f69647c733a313a2231223b6e616d657c733a383a22506172656e742031223b6c6f67696e5f747970657c733a363a22706172656e74223b),
('7f97b3890e29256f4d57257502fac5dd8358a2cb', '::1', 1472208978, 0x5f5f63695f6c6173745f726567656e65726174657c693a313437323230383734333b746561636865725f6c6f67696e7c733a313a2231223b746561636865725f69647c733a313a2231223b6c6f67696e5f757365725f69647c733a313a2231223b6e616d657c733a31313a224d6f7365732044616e6b6f223b6c6f67696e5f747970657c733a373a2274656163686572223b),
('7faadf437f865db1ba3beceeab40b3c118d2087e', '::1', 1472300739, 0x5f5f63695f6c6173745f726567656e65726174657c693a313437323330303733393b706172656e745f6c6f67696e7c733a313a2231223b706172656e745f69647c733a313a2231223b6c6f67696e5f757365725f69647c733a313a2231223b6e616d657c733a383a22506172656e742031223b6c6f67696e5f747970657c733a363a22706172656e74223b),
('7fff5dde311066e19319baf9ddaea71fb432db64', '::1', 1472306322, 0x5f5f63695f6c6173745f726567656e65726174657c693a313437323330363332323b706172656e745f6c6f67696e7c733a313a2231223b706172656e745f69647c733a313a2231223b6c6f67696e5f757365725f69647c733a313a2231223b6e616d657c733a383a22506172656e742031223b6c6f67696e5f747970657c733a363a22706172656e74223b),
('861858b8a75f572eb5711cf9536a7f5c144129ed', '::1', 1472314126, 0x5f5f63695f6c6173745f726567656e65726174657c693a313437323331333938383b706172656e745f6c6f67696e7c733a313a2231223b706172656e745f69647c733a313a2231223b6c6f67696e5f757365725f69647c733a313a2231223b6e616d657c733a383a22506172656e742031223b6c6f67696e5f747970657c733a363a22706172656e74223b),
('87b8b04687ede47b359850d0fe55df09c16a46fa', '::1', 1472300462, 0x5f5f63695f6c6173745f726567656e65726174657c693a313437323330303331323b706172656e745f6c6f67696e7c733a313a2231223b706172656e745f69647c733a313a2231223b6c6f67696e5f757365725f69647c733a313a2231223b6e616d657c733a383a22506172656e742031223b6c6f67696e5f747970657c733a363a22706172656e74223b),
('8830a28107afd9fa3bc353b1b1c60f8770073c5e', '::1', 1483928262, 0x5f5f63695f6c6173745f726567656e65726174657c693a313438333932373932393b746561636865725f6c6f67696e7c733a313a2231223b746561636865725f69647c733a313a2231223b6c6f67696e5f757365725f69647c733a313a2231223b6e616d657c733a31313a224d6f7365732044616e6b6f223b6c6f67696e5f747970657c733a373a2274656163686572223b),
('89abcd49b70c5f77fd94d4cdc973f058b94057f6', '::1', 1472307340, 0x5f5f63695f6c6173745f726567656e65726174657c693a313437323330373239333b706172656e745f6c6f67696e7c733a313a2231223b706172656e745f69647c733a313a2231223b6c6f67696e5f757365725f69647c733a313a2231223b6e616d657c733a383a22506172656e742031223b6c6f67696e5f747970657c733a363a22706172656e74223b),
('8c6818f60bca43b27f94286702a2bb3240b3bfe7', '::1', 1472307937, 0x5f5f63695f6c6173745f726567656e65726174657c693a313437323330373933373b706172656e745f6c6f67696e7c733a313a2231223b706172656e745f69647c733a313a2231223b6c6f67696e5f757365725f69647c733a313a2231223b6e616d657c733a383a22506172656e742031223b6c6f67696e5f747970657c733a363a22706172656e74223b),
('8f567270f2b84a640152c5e967fce26ea7b73e2b', '::1', 1472229902, 0x5f5f63695f6c6173745f726567656e65726174657c693a313437323232393930323b61646d696e5f6c6f67696e7c733a313a2231223b61646d696e5f69647c733a313a2231223b6c6f67696e5f757365725f69647c733a313a2231223b6e616d657c733a393a224d722e2041646d696e223b6c6f67696e5f747970657c733a353a2261646d696e223b),
('8fb9a23d30b4a8e8b488508c9eb356376cb1a131', '::1', 1472329728, 0x5f5f63695f6c6173745f726567656e65726174657c693a313437323332393537313b706172656e745f6c6f67696e7c733a313a2231223b706172656e745f69647c733a313a2231223b6c6f67696e5f757365725f69647c733a313a2231223b6e616d657c733a383a22506172656e742031223b6c6f67696e5f747970657c733a363a22706172656e74223b666c6173685f6d6573736167657c733a31333a224d6573736167652053656e7421223b5f5f63695f766172737c613a313a7b733a31333a22666c6173685f6d657373616765223b733a333a226f6c64223b7d),
('91f0466fb60ea3f1f58bbb94438584379cd43275', '::1', 1474453247, 0x5f5f63695f6c6173745f726567656e65726174657c693a313437343435333234373b),
('95b6da9cd9cb40e20ad812683c5a343a763f9f4c', '::1', 1479628711, 0x5f5f63695f6c6173745f726567656e65726174657c693a313437393632383638303b61646d696e5f6c6f67696e7c733a313a2231223b61646d696e5f69647c733a313a2231223b6c6f67696e5f757365725f69647c733a313a2231223b6e616d657c733a393a224d722e2041646d696e223b6c6f67696e5f747970657c733a353a2261646d696e223b),
('98080249a604a91dbfba0345250d59aee7c5ac32', '::1', 1472305320, 0x5f5f63695f6c6173745f726567656e65726174657c693a313437323330353332303b706172656e745f6c6f67696e7c733a313a2231223b706172656e745f69647c733a313a2231223b6c6f67696e5f757365725f69647c733a313a2231223b6e616d657c733a383a22506172656e742031223b6c6f67696e5f747970657c733a363a22706172656e74223b),
('9a67f9dd133f0453d4c062e33b62d8d149f72a0b', '::1', 1472231655, 0x5f5f63695f6c6173745f726567656e65726174657c693a313437323233313635343b61646d696e5f6c6f67696e7c733a313a2231223b61646d696e5f69647c733a313a2231223b6c6f67696e5f757365725f69647c733a313a2231223b6e616d657c733a393a224d722e2041646d696e223b6c6f67696e5f747970657c733a353a2261646d696e223b),
('9d919d7d007ca8fc38e8e0d5f5ccdcd65821860c', '::1', 1472304798, 0x5f5f63695f6c6173745f726567656e65726174657c693a313437323330343739373b706172656e745f6c6f67696e7c733a313a2231223b706172656e745f69647c733a313a2231223b6c6f67696e5f757365725f69647c733a313a2231223b6e616d657c733a383a22506172656e742031223b6c6f67696e5f747970657c733a363a22706172656e74223b),
('a2fa678559e81d88dcec40731753f2f6224c5683', '::1', 1479626755, 0x5f5f63695f6c6173745f726567656e65726174657c693a313437393632363735343b),
('a8928056fcbea53652b8826c8aecc1b5e90f731c', '::1', 1472229331, 0x5f5f63695f6c6173745f726567656e65726174657c693a313437323232393130373b61646d696e5f6c6f67696e7c733a313a2231223b61646d696e5f69647c733a313a2231223b6c6f67696e5f757365725f69647c733a313a2231223b6e616d657c733a393a224d722e2041646d696e223b6c6f67696e5f747970657c733a353a2261646d696e223b),
('ab2bedf6c9afa75e7bdac9b89f3871f705f60532', '::1', 1472325137, 0x5f5f63695f6c6173745f726567656e65726174657c693a313437323332353131373b706172656e745f6c6f67696e7c733a313a2231223b706172656e745f69647c733a313a2231223b6c6f67696e5f757365725f69647c733a313a2231223b6e616d657c733a383a22506172656e742031223b6c6f67696e5f747970657c733a363a22706172656e74223b),
('b3ffc8b9c6b9e3346c2e441ed1fe6d7b4b29e03a', '::1', 1472302892, 0x5f5f63695f6c6173745f726567656e65726174657c693a313437323330323839323b706172656e745f6c6f67696e7c733a313a2231223b706172656e745f69647c733a313a2231223b6c6f67696e5f757365725f69647c733a313a2231223b6e616d657c733a383a22506172656e742031223b6c6f67696e5f747970657c733a363a22706172656e74223b),
('b4c62daaffb3b5173ee6e0145baa5475b53d35a6', '::1', 1474453259, 0x5f5f63695f6c6173745f726567656e65726174657c693a313437343435333234373b73747564656e745f6c6f67696e7c733a313a2231223b73747564656e745f69647c733a313a2231223b6c6f67696e5f757365725f69647c733a313a2231223b6e616d657c733a31303a224d61726b2053696d6f6e223b6c6f67696e5f747970657c733a373a2273747564656e74223b),
('b59de03f7e7f37b6e648ff91830333ac56b5defd', '::1', 1472228539, 0x5f5f63695f6c6173745f726567656e65726174657c693a313437323232383530343b61646d696e5f6c6f67696e7c733a313a2231223b61646d696e5f69647c733a313a2231223b6c6f67696e5f757365725f69647c733a313a2231223b6e616d657c733a393a224d722e2041646d696e223b6c6f67696e5f747970657c733a353a2261646d696e223b666c6173685f6d6573736167657c733a31363a224d6573736167652044656c6574656421223b5f5f63695f766172737c613a313a7b733a31333a22666c6173685f6d657373616765223b733a333a226f6c64223b7d),
('b61e676896057a40b3adf45d9d0e5386e848519e', '::1', 1472204411, 0x5f5f63695f6c6173745f726567656e65726174657c693a313437323230343336393b746561636865725f6c6f67696e7c733a313a2231223b746561636865725f69647c733a313a2231223b6c6f67696e5f757365725f69647c733a313a2231223b6e616d657c733a31313a224d6f7365732044616e6b6f223b6c6f67696e5f747970657c733a373a2274656163686572223b666c6173685f6d6573736167657c733a31363a224d6573736167652044656c6574656421223b5f5f63695f766172737c613a313a7b733a31333a22666c6173685f6d657373616765223b733a333a226f6c64223b7d),
('b779870ba762b32b5534c3ae00dc1d35cfc1e19f', '::1', 1472330851, 0x5f5f63695f6c6173745f726567656e65726174657c693a313437323333303630303b706172656e745f6c6f67696e7c733a313a2231223b706172656e745f69647c733a313a2231223b6c6f67696e5f757365725f69647c733a313a2231223b6e616d657c733a383a22506172656e742031223b6c6f67696e5f747970657c733a363a22706172656e74223b),
('bb063f1cb829801fd486bc03a5245c3c327d6f77', '::1', 1479626755, 0x5f5f63695f6c6173745f726567656e65726174657c693a313437393632363735343b),
('bcc2b062cdd8bb25c3ef322d545a6a67a4a0c604', '::1', 1472301530, 0x5f5f63695f6c6173745f726567656e65726174657c693a313437323330313533303b706172656e745f6c6f67696e7c733a313a2231223b706172656e745f69647c733a313a2231223b6c6f67696e5f757365725f69647c733a313a2231223b6e616d657c733a383a22506172656e742031223b6c6f67696e5f747970657c733a363a22706172656e74223b),
('bed2c779468454dbe5106517281e08027da311ae', '::1', 1472309322, 0x5f5f63695f6c6173745f726567656e65726174657c693a313437323330393332323b706172656e745f6c6f67696e7c733a313a2231223b706172656e745f69647c733a313a2231223b6c6f67696e5f757365725f69647c733a313a2231223b6e616d657c733a383a22506172656e742031223b6c6f67696e5f747970657c733a363a22706172656e74223b),
('c0cdebfdfa6dbd891e947644377c6187d848e3c2', '::1', 1473260389, 0x5f5f63695f6c6173745f726567656e65726174657c693a313437333236303330323b61646d696e5f6c6f67696e7c733a313a2231223b61646d696e5f69647c733a313a2231223b6c6f67696e5f757365725f69647c733a313a2231223b6e616d657c733a393a224d722e2041646d696e223b6c6f67696e5f747970657c733a353a2261646d696e223b),
('c1b58cfc7cbd02d690c8aee16d4fbf20b98dccf4', '::1', 1472311681, 0x5f5f63695f6c6173745f726567656e65726174657c693a313437323331313431393b706172656e745f6c6f67696e7c733a313a2231223b706172656e745f69647c733a313a2231223b6c6f67696e5f757365725f69647c733a313a2231223b6e616d657c733a383a22506172656e742031223b6c6f67696e5f747970657c733a363a22706172656e74223b),
('c374f6db70b4f8848df46be62874682323ee39c5', '::1', 1472308262, 0x5f5f63695f6c6173745f726567656e65726174657c693a313437323330383236323b706172656e745f6c6f67696e7c733a313a2231223b706172656e745f69647c733a313a2231223b6c6f67696e5f757365725f69647c733a313a2231223b6e616d657c733a383a22506172656e742031223b6c6f67696e5f747970657c733a363a22706172656e74223b),
('c52801551b44ba6d236d49da5557a1fe812b1628', '::1', 1472306960, 0x5f5f63695f6c6173745f726567656e65726174657c693a313437323330363936303b706172656e745f6c6f67696e7c733a313a2231223b706172656e745f69647c733a313a2231223b6c6f67696e5f757365725f69647c733a313a2231223b6e616d657c733a383a22506172656e742031223b6c6f67696e5f747970657c733a363a22706172656e74223b),
('c56ff6975e0b81412859ef001d31d1876696a517', '::1', 1472211425, 0x5f5f63695f6c6173745f726567656e65726174657c693a313437323231313332353b61646d696e5f6c6f67696e7c733a313a2231223b61646d696e5f69647c733a313a2231223b6c6f67696e5f757365725f69647c733a313a2231223b6e616d657c733a393a224d722e2041646d696e223b6c6f67696e5f747970657c733a353a2261646d696e223b666c6173685f6d6573736167657c733a31363a224d6573736167652044656c6574656421223b5f5f63695f766172737c613a313a7b733a31333a22666c6173685f6d657373616765223b733a333a226f6c64223b7d),
('c579cd01cde6f7db8a82f2f7c062be555008264c', '::1', 1472306646, 0x5f5f63695f6c6173745f726567656e65726174657c693a313437323330363634363b706172656e745f6c6f67696e7c733a313a2231223b706172656e745f69647c733a313a2231223b6c6f67696e5f757365725f69647c733a313a2231223b6e616d657c733a383a22506172656e742031223b6c6f67696e5f747970657c733a363a22706172656e74223b),
('cd2a5528a23cdc1b028a662b0f22d686286f9a29', '::1', 1472305659, 0x5f5f63695f6c6173745f726567656e65726174657c693a313437323330353635383b706172656e745f6c6f67696e7c733a313a2231223b706172656e745f69647c733a313a2231223b6c6f67696e5f757365725f69647c733a313a2231223b6e616d657c733a383a22506172656e742031223b6c6f67696e5f747970657c733a363a22706172656e74223b),
('ce819390681f9c30759aea7036e98674959faeda', '::1', 1472305995, 0x5f5f63695f6c6173745f726567656e65726174657c693a313437323330353939353b706172656e745f6c6f67696e7c733a313a2231223b706172656e745f69647c733a313a2231223b6c6f67696e5f757365725f69647c733a313a2231223b6e616d657c733a383a22506172656e742031223b6c6f67696e5f747970657c733a363a22706172656e74223b),
('cff953171103a639f392e51decfed6afac0e15d2', '::1', 1472230786, 0x5f5f63695f6c6173745f726567656e65726174657c693a313437323233303738363b61646d696e5f6c6f67696e7c733a313a2231223b61646d696e5f69647c733a313a2231223b6c6f67696e5f757365725f69647c733a313a2231223b6e616d657c733a393a224d722e2041646d696e223b6c6f67696e5f747970657c733a353a2261646d696e223b),
('d0fd0e7f3c484c57c6f6695d621b8cb7317b6ce3', '::1', 1472302560, 0x5f5f63695f6c6173745f726567656e65726174657c693a313437323330323536303b706172656e745f6c6f67696e7c733a313a2231223b706172656e745f69647c733a313a2231223b6c6f67696e5f757365725f69647c733a313a2231223b6e616d657c733a383a22506172656e742031223b6c6f67696e5f747970657c733a363a22706172656e74223b),
('d21ec305aaa28b0bafec0fcda783ffa0316ad58e', '::1', 1472310777, 0x5f5f63695f6c6173745f726567656e65726174657c693a313437323331303737373b706172656e745f6c6f67696e7c733a313a2231223b706172656e745f69647c733a313a2231223b6c6f67696e5f757365725f69647c733a313a2231223b6e616d657c733a383a22506172656e742031223b6c6f67696e5f747970657c733a363a22706172656e74223b),
('d3d691285e6e4b35469833735b01f4442c6253b5', '::1', 1472209642, 0x5f5f63695f6c6173745f726567656e65726174657c693a313437323230393630313b61646d696e5f6c6f67696e7c733a313a2231223b61646d696e5f69647c733a313a2231223b6c6f67696e5f757365725f69647c733a313a2231223b6e616d657c733a393a224d722e2041646d696e223b6c6f67696e5f747970657c733a353a2261646d696e223b666c6173685f6d6573736167657c733a31333a224d6573736167652053656e7421223b5f5f63695f766172737c613a313a7b733a31333a22666c6173685f6d657373616765223b733a333a226f6c64223b7d),
('d50dd05f32b214c62a6a893be1a8018a6c3ee43f', '::1', 1472322198, 0x5f5f63695f6c6173745f726567656e65726174657c693a313437323332323139383b706172656e745f6c6f67696e7c733a313a2231223b706172656e745f69647c733a313a2231223b6c6f67696e5f757365725f69647c733a313a2231223b6e616d657c733a383a22506172656e742031223b6c6f67696e5f747970657c733a363a22706172656e74223b),
('d96e709a2fe6cad4d256e2cf39aa22eb1dae34ba', '::1', 1472326078, 0x5f5f63695f6c6173745f726567656e65726174657c693a313437323332363037383b706172656e745f6c6f67696e7c733a313a2231223b706172656e745f69647c733a313a2231223b6c6f67696e5f757365725f69647c733a313a2231223b6e616d657c733a383a22506172656e742031223b6c6f67696e5f747970657c733a363a22706172656e74223b),
('dd5d61868e042874904018c09b13c264b472a2d3', '::1', 1472296736, 0x5f5f63695f6c6173745f726567656e65726174657c693a313437323239363636343b706172656e745f6c6f67696e7c733a313a2231223b706172656e745f69647c733a313a2231223b6c6f67696e5f757365725f69647c733a313a2231223b6e616d657c733a383a22506172656e742031223b6c6f67696e5f747970657c733a363a22706172656e74223b),
('dd5e3ce0b3f193e183dd615983b8b934a33ebf0c', '::1', 1472330116, 0x5f5f63695f6c6173745f726567656e65726174657c693a313437323333303039303b706172656e745f6c6f67696e7c733a313a2231223b706172656e745f69647c733a313a2231223b6c6f67696e5f757365725f69647c733a313a2231223b6e616d657c733a383a22506172656e742031223b6c6f67696e5f747970657c733a363a22706172656e74223b),
('df1614f69902929ac888a5ef55ded2664fb1f892', '::1', 1472308903, 0x5f5f63695f6c6173745f726567656e65726174657c693a313437323330383930333b706172656e745f6c6f67696e7c733a313a2231223b706172656e745f69647c733a313a2231223b6c6f67696e5f757365725f69647c733a313a2231223b6e616d657c733a383a22506172656e742031223b6c6f67696e5f747970657c733a363a22706172656e74223b),
('df186f1ebccd3da193769c1168362c4410b12335', '::1', 1472295792, 0x5f5f63695f6c6173745f726567656e65726174657c693a313437323239353536343b706172656e745f6c6f67696e7c733a313a2231223b706172656e745f69647c733a313a2231223b6c6f67696e5f757365725f69647c733a313a2231223b6e616d657c733a383a22506172656e742031223b6c6f67696e5f747970657c733a363a22706172656e74223b),
('e12bd0200b97621211b86463f76db294acd8f2d3', '::1', 1472228035, 0x5f5f63695f6c6173745f726567656e65726174657c693a313437323232373833323b61646d696e5f6c6f67696e7c733a313a2231223b61646d696e5f69647c733a313a2231223b6c6f67696e5f757365725f69647c733a313a2231223b6e616d657c733a393a224d722e2041646d696e223b6c6f67696e5f747970657c733a353a2261646d696e223b666c6173685f6d6573736167657c733a31363a224d6573736167652044656c6574656421223b5f5f63695f766172737c613a313a7b733a31333a22666c6173685f6d657373616765223b733a333a226f6c64223b7d),
('e1cb81391b9c9868c76f45245d7dfb210ccabae6', '::1', 1472207853, 0x5f5f63695f6c6173745f726567656e65726174657c693a313437323230373835333b61646d696e5f6c6f67696e7c733a313a2231223b61646d696e5f69647c733a313a2231223b6c6f67696e5f757365725f69647c733a313a2231223b6e616d657c733a393a224d722e2041646d696e223b6c6f67696e5f747970657c733a353a2261646d696e223b),
('e1e00711509dfc51eb7cdd0dfb2f15d818f42f57', '::1', 1472308238, 0x5f5f63695f6c6173745f726567656e65726174657c693a313437323330383233383b706172656e745f6c6f67696e7c733a313a2231223b706172656e745f69647c733a313a2231223b6c6f67696e5f757365725f69647c733a313a2231223b6e616d657c733a383a22506172656e742031223b6c6f67696e5f747970657c733a363a22706172656e74223b),
('e2bf0c544106180d2db32b957ab81d2ef0922d85', '::1', 1472326518, 0x5f5f63695f6c6173745f726567656e65726174657c693a313437323332363531383b706172656e745f6c6f67696e7c733a313a2231223b706172656e745f69647c733a313a2231223b6c6f67696e5f757365725f69647c733a313a2231223b6e616d657c733a383a22506172656e742031223b6c6f67696e5f747970657c733a363a22706172656e74223b),
('e783ffc9c10bbf14c6ae93bbc306e838ed825783', '::1', 1472234253, 0x5f5f63695f6c6173745f726567656e65726174657c693a313437323233343032393b61646d696e5f6c6f67696e7c733a313a2231223b61646d696e5f69647c733a313a2231223b6c6f67696e5f757365725f69647c733a313a2231223b6e616d657c733a393a224d722e2041646d696e223b6c6f67696e5f747970657c733a353a2261646d696e223b),
('e98050c03dad2b8a5b9b8f50d5fe919d6754ba48', '::1', 1472313101, 0x5f5f63695f6c6173745f726567656e65726174657c693a313437323331333130313b),
('ed5d2330762eb7457ec1df567672fea9dcb778ad', '::1', 1472295452, 0x5f5f63695f6c6173745f726567656e65726174657c693a313437323239353236333b706172656e745f6c6f67696e7c733a313a2231223b706172656e745f69647c733a313a2231223b6c6f67696e5f757365725f69647c733a313a2231223b6e616d657c733a383a22506172656e742031223b6c6f67696e5f747970657c733a363a22706172656e74223b),
('ef5f16e92636f37abc0be597c2a1d258ede2ccd3', '::1', 1472325757, 0x5f5f63695f6c6173745f726567656e65726174657c693a313437323332353435373b706172656e745f6c6f67696e7c733a313a2231223b706172656e745f69647c733a313a2231223b6c6f67696e5f757365725f69647c733a313a2231223b6e616d657c733a383a22506172656e742031223b6c6f67696e5f747970657c733a363a22706172656e74223b666c6173685f6d6573736167657c733a31363a224d6573736167652044656c6574656421223b5f5f63695f766172737c613a313a7b733a31333a22666c6173685f6d657373616765223b733a333a226f6c64223b7d),
('f6e4b112943838a5832bf654d8c8c0a2c5f6e2c6', '::1', 1472319342, 0x5f5f63695f6c6173745f726567656e65726174657c693a313437323331393334323b706172656e745f6c6f67696e7c733a313a2231223b706172656e745f69647c733a313a2231223b6c6f67696e5f757365725f69647c733a313a2231223b6e616d657c733a383a22506172656e742031223b6c6f67696e5f747970657c733a363a22706172656e74223b),
('f6f611c231a1d9cd0fe395a157478173e6a271f1', '::1', 1472327683, 0x5f5f63695f6c6173745f726567656e65726174657c693a313437323332373431363b706172656e745f6c6f67696e7c733a313a2231223b706172656e745f69647c733a313a2231223b6c6f67696e5f757365725f69647c733a313a2231223b6e616d657c733a383a22506172656e742031223b6c6f67696e5f747970657c733a363a22706172656e74223b),
('f9780a7d2e9478ac5ecdbd1dbee011b383002534', '::1', 1472227397, 0x5f5f63695f6c6173745f726567656e65726174657c693a313437323232373338323b746561636865725f6c6f67696e7c733a313a2231223b746561636865725f69647c733a313a2231223b6c6f67696e5f757365725f69647c733a313a2231223b6e616d657c733a31313a224d6f7365732044616e6b6f223b6c6f67696e5f747970657c733a373a2274656163686572223b),
('fbba33f624d78c821e3d4f5730e35baeb37f14ed', '::1', 1472328127, 0x5f5f63695f6c6173745f726567656e65726174657c693a313437323332383131333b706172656e745f6c6f67696e7c733a313a2231223b706172656e745f69647c733a313a2231223b6c6f67696e5f757365725f69647c733a313a2231223b6e616d657c733a383a22506172656e742031223b6c6f67696e5f747970657c733a363a22706172656e74223b),
('fbf690269fa823b823dddf8de5472c6970067457', '::1', 1472331701, 0x5f5f63695f6c6173745f726567656e65726174657c693a313437323333313534373b706172656e745f6c6f67696e7c733a313a2231223b706172656e745f69647c733a313a2231223b6c6f67696e5f757365725f69647c733a313a2231223b6e616d657c733a383a22506172656e742031223b6c6f67696e5f747970657c733a363a22706172656e74223b666c6173685f6d6573736167657c733a31363a224d6573736167652044656c6574656421223b5f5f63695f766172737c613a313a7b733a31333a22666c6173685f6d657373616765223b733a333a226f6c64223b7d),
('fc5a4110da964c0b8b198230e9fbbc167fe5f535', '::1', 1472312880, 0x5f5f63695f6c6173745f726567656e65726174657c693a313437323331323737393b706172656e745f6c6f67696e7c733a313a2231223b706172656e745f69647c733a313a2231223b6c6f67696e5f757365725f69647c733a313a2231223b6e616d657c733a383a22506172656e742031223b6c6f67696e5f747970657c733a363a22706172656e74223b),
('ff55edb15d4d66e9de2b0c258fa335719cd8a55f', '::1', 1472239983, 0x5f5f63695f6c6173745f726567656e65726174657c693a313437323233393738373b61646d696e5f6c6f67696e7c733a313a2231223b61646d696e5f69647c733a313a2231223b6c6f67696e5f757365725f69647c733a313a2231223b6e616d657c733a393a224d722e2041646d696e223b6c6f67696e5f747970657c733a353a2261646d696e223b666c6173685f6d6573736167657c733a31363a224d6573736167652044656c6574656421223b5f5f63695f766172737c613a313a7b733a31333a22666c6173685f6d657373616765223b733a333a226f6c64223b7d);

-- --------------------------------------------------------

--
-- Table structure for table `class`
--

CREATE TABLE IF NOT EXISTS `class` (
  `class_id` int(11) NOT NULL,
  `name` longtext COLLATE utf8_unicode_ci NOT NULL,
  `teacher_id` int(11) NOT NULL,
  `class_type` longtext COLLATE utf8_unicode_ci NOT NULL
) ENGINE=InnoDB AUTO_INCREMENT=5 DEFAULT CHARSET=utf8 COLLATE=utf8_unicode_ci;

--
-- Dumping data for table `class`
--

INSERT INTO `class` (`class_id`, `name`, `teacher_id`, `class_type`) VALUES
(2, 'JSS1', 1, 'J'),
(3, 'SS1', 3, 'S'),
(4, 'SS2', 0, 'S');

-- --------------------------------------------------------

--
-- Table structure for table `class_routine`
--

CREATE TABLE IF NOT EXISTS `class_routine` (
  `class_routine_id` int(11) NOT NULL,
  `class_id` int(11) NOT NULL,
  `section_id` int(11) NOT NULL,
  `subject_id` int(11) NOT NULL,
  `time_start` int(11) NOT NULL,
  `time_end` int(11) NOT NULL,
  `time_start_min` int(11) NOT NULL,
  `time_end_min` int(11) NOT NULL,
  `day` longtext COLLATE utf8_unicode_ci NOT NULL,
  `year` longtext COLLATE utf8_unicode_ci NOT NULL
) ENGINE=InnoDB AUTO_INCREMENT=28 DEFAULT CHARSET=utf8 COLLATE=utf8_unicode_ci;

--
-- Dumping data for table `class_routine`
--

INSERT INTO `class_routine` (`class_routine_id`, `class_id`, `section_id`, `subject_id`, `time_start`, `time_end`, `time_start_min`, `time_end_min`, `day`, `year`) VALUES
(2, 2, 2, 2, 8, 8, 5, 45, 'monday', '2016-2017'),
(3, 2, 2, 7, 8, 9, 40, 15, 'monday', '2016-2017'),
(4, 2, 2, 8, 9, 10, 50, 25, 'monday', '2016-2017'),
(5, 2, 2, 1, 8, 9, 45, 55, 'monday', '2016-2017'),
(6, 2, 2, 1, 9, 10, 50, 35, 'tuesday', '2016-2017'),
(7, 2, 2, 2, 8, 8, 5, 45, 'tuesday', '2016-2017'),
(8, 2, 2, 7, 8, 9, 40, 15, 'tuesday', '2016-2017'),
(9, 2, 2, 8, 9, 10, 50, 25, 'tuesday', '2016-2017'),
(10, 2, 2, 1, 8, 9, 45, 55, 'tuesday', '2016-2017'),
(11, 2, 2, 1, 9, 10, 50, 35, 'wednesday', '2016-2017'),
(12, 2, 2, 1, 9, 10, 50, 35, 'wednesday', '2016-2017'),
(13, 2, 2, 2, 8, 8, 5, 45, 'wednesday', '2016-2017'),
(14, 2, 2, 7, 8, 9, 40, 15, 'wednesday', '2016-2017'),
(15, 2, 2, 8, 9, 10, 50, 25, 'wednesday', '2016-2017'),
(16, 2, 2, 1, 8, 9, 45, 55, 'wednesday', '2016-2017'),
(17, 2, 2, 1, 9, 10, 50, 35, 'wednesday', '2016-2017'),
(18, 2, 2, 2, 8, 8, 5, 45, 'thursday', '2016-2017'),
(19, 2, 2, 7, 8, 9, 40, 15, 'thursday', '2016-2017'),
(20, 2, 2, 8, 9, 10, 50, 25, 'thursday', '2016-2017'),
(21, 2, 2, 1, 8, 9, 45, 55, 'thursday', '2016-2017'),
(22, 2, 2, 1, 9, 10, 50, 35, 'friday', '2016-2017'),
(23, 2, 2, 2, 8, 8, 5, 45, 'friday', '2016-2017'),
(24, 2, 2, 7, 8, 9, 40, 15, 'friday', '2016-2017'),
(25, 2, 2, 8, 9, 10, 50, 25, 'friday', '2016-2017'),
(26, 2, 2, 1, 8, 9, 45, 55, 'friday', '2016-2017'),
(27, 2, 2, 1, 9, 10, 50, 35, 'thursday', '2016-2017');

-- --------------------------------------------------------

--
-- Table structure for table `document`
--

CREATE TABLE IF NOT EXISTS `document` (
  `document_id` int(11) NOT NULL,
  `title` longtext COLLATE utf8_unicode_ci NOT NULL,
  `description` longtext COLLATE utf8_unicode_ci NOT NULL,
  `file_name` longtext COLLATE utf8_unicode_ci NOT NULL,
  `file_type` longtext COLLATE utf8_unicode_ci NOT NULL,
  `class_id` longtext COLLATE utf8_unicode_ci NOT NULL,
  `teacher_id` int(11) NOT NULL,
  `timestamp` longtext COLLATE utf8_unicode_ci NOT NULL
) ENGINE=MyISAM DEFAULT CHARSET=utf8 COLLATE=utf8_unicode_ci;

-- --------------------------------------------------------

--
-- Table structure for table `enroll`
--

CREATE TABLE IF NOT EXISTS `enroll` (
  `enroll_id` int(11) NOT NULL,
  `enroll_code` longtext COLLATE utf8_unicode_ci NOT NULL,
  `student_id` int(11) NOT NULL,
  `class_id` int(11) NOT NULL,
  `section_id` int(11) NOT NULL,
  `roll` longtext COLLATE utf8_unicode_ci NOT NULL,
  `date_added` longtext COLLATE utf8_unicode_ci NOT NULL,
  `year` longtext COLLATE utf8_unicode_ci NOT NULL
) ENGINE=InnoDB AUTO_INCREMENT=29 DEFAULT CHARSET=utf8 COLLATE=utf8_unicode_ci;

--
-- Dumping data for table `enroll`
--

INSERT INTO `enroll` (`enroll_id`, `enroll_code`, `student_id`, `class_id`, `section_id`, `roll`, `date_added`, `year`) VALUES
(1, '92535d6', 1, 2, 2, 'FMS-1', '1463140712', '2016-2017'),
(3, '1e0fccc', 3, 3, 3, 'FMS-4', '1463140803', '2016-2017'),
(4, '312a164', 4, 3, 3, 'FMS-5', '1463140860', '2016-2017'),
(5, 'd2e793a', 5, 2, 2, 'FMS-7', '1463148760', '2016-2017'),
(6, '1321a11', 6, 2, 2, 'FMS-12', '1463155518', '2016-2017'),
(7, '1a47088', 7, 2, 2, 'FMS-8', '1463155518', '2016-2017'),
(8, 'b02b6e4', 8, 2, 2, 'FMS-9', '1463155518', '2016-2017'),
(9, '8bd1a36', 9, 2, 2, 'FMS-10', '1463155518', '2016-2017'),
(10, '54082c9', 10, 2, 2, 'FMS-11', '1463155518', '2016-2017'),
(11, '29dcc53', 11, 2, 2, 'FMS-12', '1463155518', '2016-2017'),
(12, '4bef8c2', 12, 2, 2, 'FMS-13', '1463155518', '2016-2017'),
(13, 'b58ed8c', 13, 2, 2, 'FMS-14', '1463155518', '2016-2017'),
(14, '818d7f1', 14, 3, 3, 'FMS-11', '1463155828', '2016-2017'),
(15, '5e9f4e5', 15, 3, 3, 'FMS-12', '1463155828', '2016-2017'),
(16, 'a2be3ba', 16, 3, 3, 'FMS-13', '1463155828', '2016-2017'),
(17, '1f8abb4', 17, 3, 3, 'FMS-14', '1463155828', '2016-2017'),
(18, '8188508', 18, 3, 3, 'FMS-15', '1463155828', '2016-2017'),
(19, '6352068', 19, 3, 3, 'FMS-16', '1463155828', '2016-2017'),
(20, '606814a', 20, 3, 3, 'FMS-17', '1463155828', '2016-2017'),
(21, '2b65712', 21, 3, 3, 'FMS-18', '1463155828', '2016-2017'),
(22, '99f8a78', 22, 3, 3, 'FMS-19', '1463158577', '2016-2017'),
(23, '3bb4007', 23, 3, 3, 'FMS-29', '1463158775', '2016-2017'),
(24, 'dda8d87', 24, 3, 3, 'FMS-27', '1463159025', '2016-2017'),
(25, 'd572d7a', 26, 4, 4, 'FMS-33', '1464867522', '2016-2017'),
(26, '93fa142', 27, 4, 4, 'FMS-29', '1464867683', '2016-2017'),
(27, '92bf498', 28, 4, 4, 'FMS-34', '1464867683', '2016-2017'),
(28, '996b656', 29, 4, 4, 'FMS-35', '1464867683', '2016-2017');

-- --------------------------------------------------------

--
-- Table structure for table `exam`
--

CREATE TABLE IF NOT EXISTS `exam` (
  `exam_id` int(11) NOT NULL,
  `name` longtext COLLATE utf8_unicode_ci NOT NULL,
  `date` longtext COLLATE utf8_unicode_ci NOT NULL,
  `year` longtext COLLATE utf8_unicode_ci NOT NULL,
  `comment` longtext COLLATE utf8_unicode_ci NOT NULL
) ENGINE=InnoDB AUTO_INCREMENT=2 DEFAULT CHARSET=utf8 COLLATE=utf8_unicode_ci;

--
-- Dumping data for table `exam`
--

INSERT INTO `exam` (`exam_id`, `name`, `date`, `year`, `comment`) VALUES
(1, '1ST TERM exam', '05/12/2016', '2016-2017', '');

-- --------------------------------------------------------

--
-- Table structure for table `grade`
--

CREATE TABLE IF NOT EXISTS `grade` (
  `grade_id` int(11) NOT NULL,
  `name` longtext COLLATE utf8_unicode_ci NOT NULL,
  `grade_type` longtext COLLATE utf8_unicode_ci NOT NULL,
  `mark_from` int(11) NOT NULL,
  `mark_upto` int(11) NOT NULL,
  `comment` longtext COLLATE utf8_unicode_ci NOT NULL
) ENGINE=InnoDB AUTO_INCREMENT=16 DEFAULT CHARSET=utf8 COLLATE=utf8_unicode_ci;

--
-- Dumping data for table `grade`
--

INSERT INTO `grade` (`grade_id`, `name`, `grade_type`, `mark_from`, `mark_upto`, `comment`) VALUES
(1, 'A', 'J', 75, 100, 'Excellent'),
(2, 'B', 'J', 60, 74, 'Very Good'),
(3, 'C', 'J', 50, 59, 'Good'),
(4, 'D', 'J', 40, 49, 'Pass'),
(6, 'F', 'J', 0, 39, 'Fail'),
(7, 'A1', 'S', 75, 100, ''),
(8, 'B2', 'S', 70, 74, ''),
(9, 'B3', 'S', 65, 69, ''),
(10, 'C4', 'S', 60, 64, ''),
(11, 'C5', 'S', 55, 59, ''),
(12, 'C6', 'S', 50, 54, ''),
(13, 'D7', 'S', 45, 49, ''),
(14, 'E8', 'S', 40, 44, ''),
(15, 'F9', 'S', 0, 39, '');

-- --------------------------------------------------------

--
-- Table structure for table `language`
--

CREATE TABLE IF NOT EXISTS `language` (
  `phrase_id` int(11) NOT NULL,
  `phrase` longtext COLLATE utf8_unicode_ci NOT NULL,
  `english` longtext COLLATE utf8_unicode_ci NOT NULL
) ENGINE=MyISAM AUTO_INCREMENT=384 DEFAULT CHARSET=utf8 COLLATE=utf8_unicode_ci;

--
-- Dumping data for table `language`
--

INSERT INTO `language` (`phrase_id`, `phrase`, `english`) VALUES
(1, 'class_routine', 'Class Timetable'),
(2, 'dashboard', 'Dashboard'),
(3, 'student', 'Student'),
(4, 'admit_student', 'Admit Student'),
(5, 'admit_bulk_student', 'Admit Bulk Student'),
(6, 'student_information', 'Student Information'),
(7, 'class', 'Class'),
(8, 'student_promotion', 'Student Promotion'),
(9, 'teacher', 'Teacher'),
(10, 'parents', 'Parents'),
(11, 'manage_classes', 'Manage Classes'),
(12, 'manage_sections', 'Manage Sections'),
(13, 'subject', 'Subject'),
(14, 'daily_attendance', 'Daily Attendance'),
(15, 'exam', 'Exam'),
(16, 'exam_list', 'Exam List'),
(17, 'exam_grades', 'Exam Grades'),
(18, 'manage_marks', 'Manage Report Card'),
(19, 'send_marks_by_sms', 'Send Marks By Sms'),
(20, 'tabulation_sheet', 'Tabulation Sheet'),
(21, 'accounting', 'Accounting'),
(22, 'create_student_payment', 'Create Student Payment'),
(23, 'student_payments', 'Student Payments'),
(24, 'expense', 'Expense'),
(25, 'expense_category', 'Expense Category'),
(26, 'library', 'Library'),
(27, 'transport', 'Transport'),
(28, 'dormitory', 'Dormitory'),
(29, 'noticeboard', 'Noticeboard'),
(30, 'message', 'Message'),
(31, 'settings', 'Settings'),
(32, 'general_settings', 'General Settings'),
(33, 'sms_settings', 'Sms Settings'),
(34, 'language_settings', 'Language Settings'),
(35, 'account', 'Account'),
(36, 'running_session', 'Running Session'),
(37, 'edit_profile', 'Edit Profile'),
(38, 'change_password', 'Change Password'),
(39, 'add_class_routine', 'Add Class Timetable'),
(40, 'section', 'Section'),
(41, 'edit', 'Edit'),
(42, 'delete', 'Delete'),
(43, 'cancel', 'Cancel'),
(44, 'admin_dashboard', 'Admin Dashboard'),
(45, 'event_schedule', 'Event Schedule'),
(46, 'parent', 'Parent'),
(47, 'attendance', 'Attendance'),
(48, 'add_student', 'Add Student'),
(49, 'addmission_form', 'Addmission Form'),
(50, 'name', 'Name'),
(51, 'value_required', 'Value Required'),
(52, 'select', 'Select'),
(53, 'select_class_first', 'Select Class First'),
(54, 'roll', 'Roll No'),
(55, 'birthday', 'Birthday'),
(56, 'gender', 'Gender'),
(57, 'male', 'Male'),
(58, 'female', 'Female'),
(59, 'address', 'Address'),
(60, 'phone', 'Phone'),
(61, 'email', 'Email'),
(62, 'password', 'Password'),
(63, 'transport_route', 'Transport Route'),
(64, 'photo', 'Photo'),
(65, 'add_bulk_student', 'Add Bulk Student'),
(66, 'select_class', 'Select Class'),
(67, 'add_more_students', 'Add More Students'),
(68, 'save_students', 'Save Students'),
(69, 'select_section', 'Select Section'),
(70, 'add_new_student', 'Add New Student'),
(71, 'all_students', 'All Students'),
(72, 'options', 'Options'),
(73, 'mark_sheet', 'Mark Sheet'),
(74, 'profile', 'Profile'),
(75, 'edit_student', 'Edit Student'),
(76, 'current_session', 'Current Session'),
(77, 'promote_to_session', 'Promote To Session'),
(78, 'promotion_from_class', 'Promotion From Class'),
(79, 'promotion_to_class', 'Promotion To Class'),
(80, 'select_all', 'Select All'),
(81, 'select_none', 'Select None'),
(82, 'average', 'Average'),
(83, 'promote_slelected_students', 'Promote Slelected Students'),
(84, 'manage_teacher', 'Manage Teacher'),
(85, 'add_new_teacher', 'Add New Teacher'),
(86, 'add_teacher', 'Add Teacher'),
(87, 'edit_teacher', 'Edit Teacher'),
(88, 'sex', 'Sex'),
(89, 'marksheet_for', 'Report Card For'),
(90, 'total_marks', 'Total Marks'),
(91, 'average_grade_point', 'Average Grade Point'),
(92, 'print_marksheet', 'Print Report Card'),
(93, 'student_marksheet', 'Student Report Card'),
(94, 'parent_phone', 'Parent Phone'),
(95, 'all_parents', 'All Parents'),
(96, 'add_new_parent', 'Add New Parent'),
(97, 'profession', 'Profession'),
(98, 'add_parent', 'Add Parent'),
(99, 'update', 'Update'),
(100, 'manage_class', 'Manage Class'),
(101, 'class_list', 'Class List'),
(102, 'add_class', 'Add Class'),
(103, 'class_name', 'Class Name'),
(104, 'numeric_name', 'Numeric Name'),
(105, 'name_numeric', 'Name Numeric'),
(106, 'select_teacher', 'Select Teacher'),
(107, 'edit_class', 'Edit Class'),
(108, 'add_new_section', 'Add New Section'),
(109, 'section_name', 'Section Name'),
(110, 'nick_name', 'Nick Name'),
(111, 'add_section', 'Add Section'),
(112, 'manage_subject', 'Manage Subject'),
(113, 'subject_list', 'Subject List'),
(114, 'add_subject', 'Add Subject'),
(115, 'subject_name', 'Subject Name'),
(116, 'edit_subject', 'Edit Subject'),
(117, 'day', 'Day'),
(118, 'starting_time', 'Starting Time'),
(119, 'hour', 'Hour'),
(120, 'minutes', 'Minutes'),
(121, 'ending_time', 'Ending Time'),
(122, 'edit_class_routine', 'Edit Class Timetable'),
(123, 'select_subject', 'Select Subject'),
(124, 'manage_daily_attendance', 'Manage Daily Attendance'),
(125, 'select_date', 'Select Date'),
(126, 'select_month', 'Select Month'),
(127, 'select_year', 'Select Year'),
(128, 'manage_attendance', 'Manage Attendance'),
(129, 'manage_exam', 'Manage Exam'),
(130, 'add_exam', 'Add Exam'),
(131, 'exam_name', 'Exam Name'),
(132, 'date', 'Date'),
(133, 'comment', 'Comment'),
(134, 'edit_exam', 'Edit Exam'),
(135, 'manage_grade', 'Manage Grade'),
(136, 'grade_list', 'Grade List'),
(137, 'add_grade', 'Add Grade'),
(138, 'grade_name', 'Grade Name'),
(139, 'grade_point', 'Grade Point'),
(140, 'mark_from', 'Mark From'),
(141, 'mark_upto', 'Mark Upto'),
(142, 'manage_exam_marks', 'Manage Exam Marks'),
(143, 'select_exam', 'Select Exam'),
(144, 'send_marks', 'Send Marks'),
(145, 'select_receiver', 'Select Receiver'),
(146, 'students', 'Students'),
(147, 'select_a_class', 'Select A Class'),
(148, 'select_an_exam', 'Select An Exam'),
(149, 'view_tabulation_sheet', 'View Tabulation Sheet'),
(150, 'subjects', 'Subjects'),
(151, 'total', 'Total'),
(152, 'create_single_invoice', 'Create Single Invoice'),
(153, 'create_mass_invoice', 'Create Mass Invoice'),
(154, 'invoice_informations', 'Invoice Informations'),
(155, 'title', 'Title'),
(156, 'description', 'Description'),
(157, 'payment_informations', 'Payment Informations'),
(158, 'enter_total_amount', 'Enter Total Amount'),
(159, 'payment', 'Payment'),
(160, 'enter_payment_amount', 'Enter Payment Amount'),
(161, 'status', 'Status'),
(162, 'paid', 'Paid'),
(163, 'unpaid', 'Unpaid'),
(164, 'method', 'Method'),
(165, 'cash', 'Cash'),
(166, 'check', 'Check'),
(167, 'card', 'Card'),
(168, 'add_invoice', 'Add Invoice'),
(169, 'unpaid_invoices', 'Unpaid Invoices'),
(170, 'payment_history', 'Payment History'),
(171, 'amount', 'Amount'),
(172, 'expenses', 'Expenses'),
(173, 'add_new_expense', 'Add New Expense'),
(174, 'category', 'Category'),
(175, 'add_expense', 'Add Expense'),
(176, 'select_expense_category', 'Select Expense Category'),
(177, 'add_new_expense_category', 'Add New Expense Category'),
(178, 'add_expense_category', 'Add Expense Category'),
(179, 'edit_expense', 'Edit Expense'),
(180, 'manage_library_books', 'Manage Library Books'),
(181, 'book_list', 'Book List'),
(182, 'add_book', 'Add Book'),
(183, 'book_name', 'Book Name'),
(184, 'author', 'Author'),
(185, 'price', 'Price'),
(186, 'available', 'Available'),
(187, 'unavailable', 'Unavailable'),
(188, 'manage_transport', 'Manage Transport'),
(189, 'transport_list', 'Transport List'),
(190, 'add_transport', 'Add Transport'),
(191, 'route_name', 'Route Name'),
(192, 'number_of_vehicle', 'Number Of Vehicle'),
(193, 'route_fare', 'Route Fare'),
(194, 'edit_transport', 'Edit Transport'),
(195, 'manage_dormitory', 'Manage Dormitory'),
(196, 'dormitory_list', 'Dormitory List'),
(197, 'add_dormitory', 'Add Dormitory'),
(198, 'dormitory_name', 'Dormitory Name'),
(199, 'number_of_room', 'Number Of Room'),
(200, 'edit_dormitory', 'Edit Dormitory'),
(201, 'manage_noticeboard', 'Manage Noticeboard'),
(202, 'noticeboard_list', 'Noticeboard List'),
(203, 'add_noticeboard', 'Add Noticeboard'),
(204, 'notice', 'Notice'),
(205, 'add_notice', 'Add Notice'),
(206, 'send_sms_to_all', 'Send Sms To All'),
(207, 'yes', 'Yes'),
(208, 'no', 'No'),
(209, 'sms_service_not_activated', 'Sms Service Not Activated'),
(210, 'private_messaging', 'Private Messaging'),
(211, 'messages', 'Messages'),
(212, 'new_message', 'New Message'),
(213, 'write_new_message', 'Write New Message'),
(214, 'recipient', 'Recipient'),
(215, 'select_a_user', 'Select A User'),
(216, 'write_your_message', 'Write Your Message'),
(217, 'send', 'Send'),
(218, 'system_settings', 'System Settings'),
(219, 'system_name', 'System Name'),
(220, 'system_title', 'System Title'),
(221, 'paypal_email', 'Paypal Email'),
(222, 'currency', 'Currency'),
(223, 'system_email', 'System Email'),
(224, 'select_running_session', 'Select Running Session'),
(225, 'language', 'Language'),
(226, 'text_align', 'Text Align'),
(227, 'save', 'Save'),
(228, 'update_product', 'Update Product'),
(229, 'file', 'File'),
(230, 'install_update', 'Install Update'),
(231, 'theme_settings', 'Theme Settings'),
(232, 'default', 'Default'),
(233, 'select_theme', 'Select Theme'),
(234, 'select_a_theme_to_make_changes', 'Select A Theme To Make Changes'),
(235, 'upload_logo', 'Upload Logo'),
(236, 'upload', 'Upload'),
(237, 'select_a_service', 'Select A Service'),
(238, 'not_selected', 'Not Selected'),
(239, 'disabled', 'Disabled'),
(240, 'clickatell_username', 'Clickatell Username'),
(241, 'clickatell_password', 'Clickatell Password'),
(242, 'clickatell_api_id', 'Clickatell Api Id'),
(243, 'twilio_account', 'Twilio Account'),
(244, 'authentication_token', 'Authentication Token'),
(245, 'registered_phone_number', 'Registered Phone Number'),
(246, 'manage_language', 'Manage Language'),
(247, 'language_list', 'Language List'),
(248, 'add_phrase', 'Add Phrase'),
(249, 'add_language', 'Add Language'),
(250, 'option', 'Option'),
(251, 'edit_phrase', 'Edit Phrase'),
(252, 'delete_language', 'Delete Language'),
(253, 'phrase', 'Phrase'),
(254, 'manage_profile', 'Manage Profile'),
(255, 'update_profile', 'Update Profile'),
(256, 'current_password', 'Current Password'),
(257, 'new_password', 'New Password'),
(258, 'confirm_new_password', 'Confirm New Password'),
(259, 'login', 'Login'),
(260, 'forgot_your_password', 'Forgot Your Password'),
(261, 'reset_password', 'Reset Password'),
(262, 'return_to_login_page', 'Return To Login Page'),
(263, 'service_is_disabled', 'Service Is Disabled'),
(264, 'promote_to_selected_class', 'Promote To Selected Class'),
(265, 'stay_in_present_class', 'Stay In Present Class'),
(266, 'data_updated', 'Data Updated'),
(267, 'data_added_successfully', 'Data Added Successfully'),
(268, 'edit_grade', 'Edit Grade'),
(269, 'manage_attendance_of_class', 'Manage Attendance Of Class'),
(270, 'present', 'Present'),
(271, 'absent', 'Absent'),
(272, 'update_attendance', 'Update Attendance'),
(273, 'undefined', 'Undefined'),
(274, 'back', 'Back'),
(275, 'save_changes', 'Save Changes'),
(276, 'data_deleted', 'Data Deleted'),
(277, 'academic_syllabus', 'Academic Syllabus'),
(278, 'add_academic_syllabus', 'Add Academic Syllabus'),
(279, 'uploader', 'Uploader'),
(280, 'upload_academic_syllabus', 'Upload Academic Syllabus'),
(281, 'upload_syllabus', 'Upload Syllabus'),
(282, 'syllabus_uploaded', 'Syllabus Uploaded'),
(283, 'download', 'Download'),
(284, 'remove', 'Remove'),
(285, 'print', 'Print'),
(286, 'teacher_dashboard', 'Teacher Dashboard'),
(287, 'study_material', 'Study Material'),
(288, 'teacher_list', 'Teacher List'),
(289, 'manage_class_routine', 'Manage Class Timetable'),
(290, 'class_routine_list', 'Class Timetable List'),
(291, 'add_study_material', 'Add Study Material'),
(292, 'file_type', 'File Type'),
(293, 'select_file_type', 'Select File Type'),
(294, 'image', 'Image'),
(295, 'doc', 'Doc'),
(296, 'pdf', 'Pdf'),
(297, 'excel', 'Excel'),
(298, 'other', 'Other'),
(299, 'manage_promotion', 'Manage Promotion'),
(300, 'select_class_for_promotion_to_and_from', 'Select Class For Promotion To And From'),
(301, 'students_of_class', 'Students Of Class'),
(302, 'enroll_to_class', 'Enroll To Class'),
(303, 'add_a_row', 'Add A Row'),
(304, 'marks_obtained', 'Marks Obtained'),
(305, 'marks_updated', 'Marks Updated'),
(306, 'marks_for', 'Marks For'),
(307, 'attendance_for_class', 'Attendance For Class'),
(308, 'print_tabulation_sheet', 'Print Tabulation Sheet'),
(309, 'receiver', 'Receiver'),
(310, 'please_select_receiver', 'Please Select Receiver'),
(311, 'session_changed', 'Session Changed'),
(312, 'attendance_updated', 'Attendance Updated'),
(313, 'study_material_info_saved_successfuly', 'Study Material Info Saved Successfuly'),
(314, 'edit_study_material', 'Edit Study Material'),
(315, 'parent_dashboard', 'Parent Dashboard'),
(316, 'exam_marks', 'Exam Marks'),
(317, 'total_mark', 'Total Mark'),
(318, 'mark_obtained', 'Mark Obtained'),
(319, 'manage_invoice/payment', 'Manage Invoice/payment'),
(320, 'invoice/payment_list', 'Invoice/payment List'),
(321, 'student_dashboard', 'Student Dashboard'),
(322, 'obtained_marks', 'Obtained Marks'),
(323, 'highest_mark', 'Highest Mark'),
(324, 'grade', 'Grade'),
(325, 'take_payment', 'Take Payment'),
(326, 'view_invoice', 'View Invoice'),
(327, 'creation_date', 'Creation Date'),
(328, 'payment_to', 'Payment To'),
(329, 'bill_to', 'Bill To'),
(330, 'total_amount', 'Total Amount'),
(331, 'paid_amount', 'Paid Amount'),
(332, 'due', 'Due'),
(333, 'amount_paid', 'Amount Paid'),
(334, 'payment_successfull', 'Payment Successfull'),
(335, 'add_invoice/payment', 'Add Invoice/payment'),
(336, 'invoices', 'Invoices'),
(337, 'action', 'Action'),
(338, 'required', 'Required'),
(339, 'info', 'Info'),
(340, 'view_academic_performance', 'View Academic Performance'),
(341, 'phrase_list', 'Phrase List'),
(342, 'update_phrase', 'Update Phrase'),
(343, 'edit_invoice', ''),
(344, 'students_added', ''),
(345, 'student_already_enrolled', ''),
(346, 'new_enrollment_successfull', ''),
(347, 'reply_message', ''),
(348, 'class_type', 'Class Type'),
(349, 'subject_type', 'Subject Type'),
(350, '1st_ca', '1ST CA'),
(351, '2nd_ca', '2ND CA'),
(352, '3rd_ca', '3RD CA'),
(353, '4th_ca', '4TH CA'),
(354, 'position', 'Position'),
(355, 'junior_secondary', 'Junior Secondary'),
(356, 'senior_secondary', 'Senior Secondary'),
(357, 'grade_type', 'Grade Type'),
(358, 'school_calendar', 'School Calendar'),
(359, 'calendar_name', 'Calendar Name'),
(360, '1st_term', '1ST TERM'),
(361, '2nd_term', '2ND TERM'),
(362, '3rd_term', '3RD TERM'),
(363, 'term', 'Term'),
(364, 'select_term', 'Select Term'),
(365, 'events_number', 'Number of Events'),
(366, 'add_events', 'Add Events'),
(367, 'school_calendar_view', 'School Calendar View'),
(368, 'activities', 'Activities'),
(369, 'week', 'Week'),
(370, 'save_calendar', 'Save Calendar'),
(371, 'calendar_list', 'Calendar List'),
(372, 'add_calendar', 'Add Calendar'),
(373, 'calendar_added', 'Calendar Added'),
(374, 'calendar_name', 'Calendar Name'),
(375, 'view', 'View'),
(376, 'mark_default', 'Mark Default'),
(377, 'school_calendar_edit', 'School Calendar Edit'),
(378, 'marked_default', 'Marked Default'),
(379, 'view_calendar', 'View Calendar'),
(382, 'class_average', ''),
(381, 'print_calendar', 'Print Calendar'),
(383, 'message_deleted', 'Message Deleted');

-- --------------------------------------------------------

--
-- Table structure for table `mark`
--

CREATE TABLE IF NOT EXISTS `mark` (
  `mark_id` int(11) NOT NULL,
  `student_id` int(11) NOT NULL,
  `subject_id` int(11) NOT NULL,
  `class_id` int(11) NOT NULL,
  `section_id` int(11) NOT NULL,
  `exam_id` int(11) NOT NULL,
  `t1` int(11) NOT NULL DEFAULT '0',
  `t2` int(11) NOT NULL DEFAULT '0',
  `t3` int(11) NOT NULL DEFAULT '0',
  `t4` int(11) NOT NULL DEFAULT '0',
  `tca` int(11) NOT NULL DEFAULT '0',
  `exm` int(11) NOT NULL DEFAULT '0',
  `mark_obtained` int(11) NOT NULL DEFAULT '0',
  `year` longtext COLLATE utf8_unicode_ci NOT NULL
) ENGINE=InnoDB AUTO_INCREMENT=143 DEFAULT CHARSET=utf8 COLLATE=utf8_unicode_ci;

--
-- Dumping data for table `mark`
--

INSERT INTO `mark` (`mark_id`, `student_id`, `subject_id`, `class_id`, `section_id`, `exam_id`, `t1`, `t2`, `t3`, `t4`, `tca`, `exm`, `mark_obtained`, `year`) VALUES
(4, 3, 3, 3, 3, 1, 10, 2, 1, 8, 0, 0, 0, '2016-2017'),
(5, 4, 3, 3, 3, 1, 6, 5, 8, 5, 0, 0, 0, '2016-2017'),
(6, 14, 3, 3, 3, 1, 10, 9, 1, 1, 0, 0, 0, '2016-2017'),
(7, 15, 3, 3, 3, 1, 9, 9, 10, 6, 0, 0, 0, '2016-2017'),
(8, 16, 3, 3, 3, 1, 8, 8, 10, 2, 0, 0, 0, '2016-2017'),
(9, 17, 3, 3, 3, 1, 1, 4, 9, 1, 0, 0, 0, '2016-2017'),
(10, 18, 3, 3, 3, 1, 9, 4, 4, 6, 0, 0, 0, '2016-2017'),
(11, 19, 3, 3, 3, 1, 1, 7, 10, 1, 0, 0, 0, '2016-2017'),
(12, 20, 3, 3, 3, 1, 9, 2, 4, 6, 0, 0, 0, '2016-2017'),
(13, 21, 3, 3, 3, 1, 10, 9, 10, 9, 0, 0, 0, '2016-2017'),
(14, 1, 2, 2, 2, 1, 7, 2, 8, 0, 17, 21, 38, '2016-2017'),
(15, 2, 2, 2, 2, 1, 7, 3, 9, 0, 19, 33, 52, '2016-2017'),
(16, 5, 2, 2, 2, 1, 4, 5, 2, 0, 11, 56, 67, '2016-2017'),
(17, 6, 2, 2, 2, 1, 3, 6, 1, 0, 10, 43, 53, '2016-2017'),
(18, 7, 2, 2, 2, 1, 0, 0, 4, 5, 9, 27, 36, '2016-2017'),
(19, 8, 2, 2, 2, 1, 1, 5, 4, 3, 13, 23, 36, '2016-2017'),
(20, 9, 2, 2, 2, 1, 3, 5, 6, 4, 18, 39, 57, '2016-2017'),
(21, 10, 2, 2, 2, 1, 4, 4, 6, 7, 21, 44, 65, '2016-2017'),
(22, 11, 2, 2, 2, 1, 8, 5, 5, 6, 24, 33, 57, '2016-2017'),
(23, 12, 2, 2, 2, 1, 0, 6, 4, 5, 15, 55, 70, '2016-2017'),
(24, 13, 2, 2, 2, 1, 8, 3, 3, 4, 18, 43, 61, '2016-2017'),
(25, 3, 4, 3, 3, 1, 0, 0, 0, 0, 0, 0, 0, '2016-2017'),
(26, 4, 4, 3, 3, 1, 0, 0, 0, 0, 0, 0, 0, '2016-2017'),
(27, 14, 4, 3, 3, 1, 0, 0, 0, 0, 0, 0, 0, '2016-2017'),
(28, 15, 4, 3, 3, 1, 0, 0, 0, 0, 0, 0, 0, '2016-2017'),
(29, 16, 4, 3, 3, 1, 0, 0, 0, 0, 0, 0, 0, '2016-2017'),
(30, 17, 4, 3, 3, 1, 0, 0, 0, 0, 0, 0, 0, '2016-2017'),
(31, 18, 4, 3, 3, 1, 0, 0, 0, 0, 0, 0, 0, '2016-2017'),
(32, 19, 4, 3, 3, 1, 0, 0, 0, 0, 0, 0, 0, '2016-2017'),
(33, 20, 4, 3, 3, 1, 0, 0, 0, 0, 0, 0, 0, '2016-2017'),
(34, 21, 4, 3, 3, 1, 0, 0, 0, 0, 0, 0, 0, '2016-2017'),
(35, 26, 5, 4, 4, 1, 7, 2, 1, 0, 10, 25, 35, '2016-2017'),
(36, 27, 5, 4, 4, 1, 2, 4, 3, 0, 9, 50, 59, '2016-2017'),
(37, 28, 5, 4, 4, 1, 7, 5, 0, 0, 12, 45, 57, '2016-2017'),
(38, 29, 5, 4, 4, 1, 2, 3, 6, 0, 11, 44, 55, '2016-2017'),
(39, 26, 6, 4, 4, 1, 6, 5, 7, 0, 18, 44, 62, '2016-2017'),
(40, 27, 6, 4, 4, 1, 5, 2, 5, 0, 12, 33, 45, '2016-2017'),
(41, 28, 6, 4, 4, 1, 4, 1, 4, 0, 9, 22, 31, '2016-2017'),
(42, 29, 6, 4, 4, 1, 3, 2, 0, 0, 5, 33, 38, '2016-2017'),
(43, 1, 7, 2, 2, 1, 9, 9, 3, 2, 23, 33, 56, '2016-2017'),
(44, 5, 7, 2, 2, 1, 8, 9, 0, 9, 26, 44, 70, '2016-2017'),
(45, 6, 7, 2, 2, 1, 0, 2, 0, 0, 2, 55, 57, '2016-2017'),
(46, 7, 7, 2, 2, 1, 5, 9, 8, 0, 22, 23, 45, '2016-2017'),
(47, 8, 7, 2, 2, 1, 1, 1, 1, 4, 7, 32, 39, '2016-2017'),
(48, 9, 7, 2, 2, 1, 1, 1, 1, 4, 7, 32, 39, '2016-2017'),
(49, 10, 7, 2, 2, 1, 1, 2, 3, 4, 10, 20, 30, '2016-2017'),
(50, 11, 7, 2, 2, 1, 1, 2, 3, 4, 10, 20, 30, '2016-2017'),
(51, 12, 7, 2, 2, 1, 8, 6, 5, 3, 22, 56, 78, '2016-2017'),
(52, 13, 7, 2, 2, 1, 4, 6, 7, 8, 25, 32, 57, '2016-2017'),
(53, 1, 8, 2, 2, 1, 3, 3, 6, 10, 22, 34, 56, '2016-2017'),
(54, 5, 8, 2, 2, 1, 2, 8, 3, 2, 15, 55, 70, '2016-2017'),
(55, 6, 8, 2, 2, 1, 9, 8, 4, 5, 26, 31, 57, '2016-2017'),
(56, 7, 8, 2, 2, 1, 2, 6, 3, 7, 18, 51, 69, '2016-2017'),
(57, 8, 8, 2, 2, 1, 7, 1, 5, 10, 23, 59, 82, '2016-2017'),
(58, 9, 8, 2, 2, 1, 6, 8, 2, 4, 20, 44, 64, '2016-2017'),
(59, 10, 8, 2, 2, 1, 6, 7, 7, 3, 23, 22, 45, '2016-2017'),
(60, 11, 8, 2, 2, 1, 4, 2, 6, 4, 16, 37, 53, '2016-2017'),
(61, 12, 8, 2, 2, 1, 3, 2, 1, 7, 13, 60, 73, '2016-2017'),
(62, 13, 8, 2, 2, 1, 3, 5, 4, 2, 14, 46, 60, '2016-2017'),
(93, 1, 1, 2, 2, 1, 5, 1, 2, 4, 12, 33, 45, '2016-2017'),
(94, 5, 1, 2, 2, 1, 7, 2, 10, 6, 25, 36, 61, '2016-2017'),
(95, 6, 1, 2, 2, 1, 4, 8, 5, 7, 24, 45, 69, '2016-2017'),
(96, 7, 1, 2, 2, 1, 2, 8, 0, 10, 20, 40, 60, '2016-2017'),
(97, 8, 1, 2, 2, 1, 8, 7, 3, 10, 28, 32, 60, '2016-2017'),
(98, 9, 1, 2, 2, 1, 1, 8, 7, 2, 18, 54, 72, '2016-2017'),
(99, 10, 1, 2, 2, 1, 8, 0, 6, 3, 17, 33, 50, '2016-2017'),
(100, 11, 1, 2, 2, 1, 7, 6, 4, 2, 19, 45, 64, '2016-2017'),
(101, 12, 1, 2, 2, 1, 7, 3, 3, 6, 19, 60, 79, '2016-2017'),
(102, 13, 1, 2, 2, 1, 7, 8, 6, 4, 25, 32, 57, '2016-2017'),
(103, 1, 15, 2, 2, 1, 2, 6, 2, 3, 13, 32, 45, '2016-2017'),
(104, 5, 15, 2, 2, 1, 8, 10, 8, 6, 32, 42, 74, '2016-2017'),
(105, 6, 15, 2, 2, 1, 7, 7, 2, 8, 24, 55, 79, '2016-2017'),
(106, 7, 15, 2, 2, 1, 6, 5, 7, 8, 26, 50, 76, '2016-2017'),
(107, 8, 15, 2, 2, 1, 8, 5, 3, 9, 25, 23, 48, '2016-2017'),
(108, 9, 15, 2, 2, 1, 7, 6, 9, 8, 30, 22, 52, '2016-2017'),
(109, 10, 15, 2, 2, 1, 1, 2, 5, 1, 9, 24, 33, '2016-2017'),
(110, 11, 15, 2, 2, 1, 7, 1, 6, 4, 18, 33, 51, '2016-2017'),
(111, 12, 15, 2, 2, 1, 3, 2, 10, 3, 18, 34, 52, '2016-2017'),
(112, 13, 15, 2, 2, 1, 3, 8, 1, 9, 21, 47, 68, '2016-2017'),
(113, 1, 14, 2, 2, 1, 6, 6, 1, 6, 19, 29, 48, '2016-2017'),
(114, 5, 14, 2, 2, 1, 10, 8, 2, 3, 23, 43, 66, '2016-2017'),
(115, 6, 14, 2, 2, 1, 10, 8, 3, 8, 29, 25, 54, '2016-2017'),
(116, 7, 14, 2, 2, 1, 2, 4, 3, 1, 10, 57, 67, '2016-2017'),
(117, 8, 14, 2, 2, 1, 9, 8, 5, 10, 32, 31, 63, '2016-2017'),
(118, 9, 14, 2, 2, 1, 5, 3, 1, 3, 12, 42, 54, '2016-2017'),
(119, 10, 14, 2, 2, 1, 4, 1, 3, 10, 18, 58, 76, '2016-2017'),
(120, 11, 14, 2, 2, 1, 3, 1, 8, 6, 18, 24, 42, '2016-2017'),
(121, 12, 14, 2, 2, 1, 7, 6, 7, 5, 25, 43, 68, '2016-2017'),
(122, 13, 14, 2, 2, 1, 6, 3, 7, 8, 24, 43, 67, '2016-2017'),
(123, 1, 13, 2, 2, 1, 8, 7, 10, 8, 33, 34, 67, '2016-2017'),
(124, 5, 13, 2, 2, 1, 8, 9, 9, 9, 35, 41, 76, '2016-2017'),
(125, 6, 13, 2, 2, 1, 6, 5, 5, 10, 26, 44, 70, '2016-2017'),
(126, 7, 13, 2, 2, 1, 3, 6, 2, 9, 20, 36, 56, '2016-2017'),
(127, 8, 13, 2, 2, 1, 1, 6, 6, 4, 17, 27, 44, '2016-2017'),
(128, 9, 13, 2, 2, 1, 10, 8, 8, 8, 34, 47, 81, '2016-2017'),
(129, 10, 13, 2, 2, 1, 5, 10, 3, 6, 24, 52, 76, '2016-2017'),
(130, 11, 13, 2, 2, 1, 8, 5, 7, 2, 22, 59, 81, '2016-2017'),
(131, 12, 13, 2, 2, 1, 8, 2, 8, 3, 21, 40, 61, '2016-2017'),
(132, 13, 13, 2, 2, 1, 1, 7, 9, 4, 21, 40, 61, '2016-2017'),
(133, 1, 12, 2, 2, 1, 4, 2, 6, 5, 17, 47, 64, '2016-2017'),
(134, 5, 12, 2, 2, 1, 6, 5, 8, 3, 22, 20, 42, '2016-2017'),
(135, 6, 12, 2, 2, 1, 10, 10, 2, 8, 30, 49, 79, '2016-2017'),
(136, 7, 12, 2, 2, 1, 5, 10, 5, 3, 23, 23, 46, '2016-2017'),
(137, 8, 12, 2, 2, 1, 9, 6, 4, 9, 28, 59, 87, '2016-2017'),
(138, 9, 12, 2, 2, 1, 3, 6, 3, 4, 16, 15, 31, '2016-2017'),
(139, 10, 12, 2, 2, 1, 1, 2, 7, 9, 19, 36, 55, '2016-2017'),
(140, 11, 12, 2, 2, 1, 5, 4, 8, 6, 23, 27, 50, '2016-2017'),
(141, 12, 12, 2, 2, 1, 7, 5, 5, 10, 27, 14, 41, '2016-2017'),
(142, 13, 12, 2, 2, 1, 5, 6, 1, 8, 20, 31, 51, '2016-2017');

-- --------------------------------------------------------

--
-- Table structure for table `message`
--

CREATE TABLE IF NOT EXISTS `message` (
  `message_id` int(11) NOT NULL,
  `message_thread_code` longtext NOT NULL,
  `message` longtext NOT NULL,
  `sender` longtext NOT NULL,
  `timestamp` longtext NOT NULL,
  `read_status` int(11) NOT NULL DEFAULT '0' COMMENT '0 unread 1 read',
  `sender_deleted` int(11) NOT NULL DEFAULT '0',
  `receiver_deleted` int(11) NOT NULL DEFAULT '0'
) ENGINE=MyISAM AUTO_INCREMENT=284 DEFAULT CHARSET=latin1;

-- --------------------------------------------------------

--
-- Table structure for table `message_thread`
--

CREATE TABLE IF NOT EXISTS `message_thread` (
  `message_thread_id` int(11) NOT NULL,
  `message_thread_code` longtext COLLATE utf8_unicode_ci NOT NULL,
  `sender` longtext COLLATE utf8_unicode_ci NOT NULL,
  `reciever` longtext COLLATE utf8_unicode_ci NOT NULL,
  `last_message_timestamp` longtext COLLATE utf8_unicode_ci NOT NULL
) ENGINE=InnoDB DEFAULT CHARSET=utf8 COLLATE=utf8_unicode_ci;

-- --------------------------------------------------------

--
-- Table structure for table `noticeboard`
--

CREATE TABLE IF NOT EXISTS `noticeboard` (
  `notice_id` int(11) NOT NULL,
  `notice_title` longtext COLLATE utf8_unicode_ci NOT NULL,
  `notice` longtext COLLATE utf8_unicode_ci NOT NULL,
  `create_timestamp` longtext COLLATE utf8_unicode_ci NOT NULL
) ENGINE=MyISAM AUTO_INCREMENT=3 DEFAULT CHARSET=utf8 COLLATE=utf8_unicode_ci;

--
-- Dumping data for table `noticeboard`
--

INSERT INTO `noticeboard` (`notice_id`, `notice_title`, `notice`, `create_timestamp`) VALUES
(1, 'VACANCY', 'We need Teacher ', '1462917600'),
(2, 'PTA MEETING', 'pTA MEETING SSCHEDULED FOR TURSDAY', '1471471200');

-- --------------------------------------------------------

--
-- Table structure for table `parent`
--

CREATE TABLE IF NOT EXISTS `parent` (
  `parent_id` int(11) NOT NULL,
  `name` longtext COLLATE utf8_unicode_ci NOT NULL,
  `email` longtext COLLATE utf8_unicode_ci NOT NULL,
  `password` longtext COLLATE utf8_unicode_ci NOT NULL,
  `phone` longtext COLLATE utf8_unicode_ci NOT NULL,
  `address` longtext COLLATE utf8_unicode_ci NOT NULL,
  `profession` longtext COLLATE utf8_unicode_ci NOT NULL,
  `authentication_key` longtext COLLATE utf8_unicode_ci NOT NULL
) ENGINE=MyISAM AUTO_INCREMENT=3 DEFAULT CHARSET=utf8 COLLATE=utf8_unicode_ci;

--
-- Dumping data for table `parent`
--

INSERT INTO `parent` (`parent_id`, `name`, `email`, `password`, `phone`, `address`, `profession`, `authentication_key`) VALUES
(1, 'Parent 1', 'parent@parent.com', '$2y$10$7PN6jE4i9RsooKU8s1T/Iuhp4gixTS0myWphnFOQjfemRRinieC9K', '0009988777', 'Niger State, Minna', 'trader', ''),
(2, 'Parent 2', 'parent2@parent.com', '$2y$10$7PN6jE4i9RsooKU8s1T/Iuhp4gixTS0myWphnFOQjfemRRinieC9K', '0009988777', 'Niger State, Minna', 'trader', '');

-- --------------------------------------------------------

--
-- Table structure for table `report_card_behaviour`
--

CREATE TABLE IF NOT EXISTS `report_card_behaviour` (
  `id` int(11) NOT NULL,
  `behaviour` text NOT NULL,
  `class_type` text NOT NULL
) ENGINE=InnoDB AUTO_INCREMENT=15 DEFAULT CHARSET=latin1;

--
-- Dumping data for table `report_card_behaviour`
--

INSERT INTO `report_card_behaviour` (`id`, `behaviour`, `class_type`) VALUES
(1, 'PUNCTUALITY', 'S'),
(2, 'NEATNESS', 'S'),
(3, 'HONESTY', 'S'),
(4, 'RELIABILITY', 'S'),
(5, 'RELATIONSHIP WITH OTHERS', 'S'),
(6, 'POLITENESS', 'S'),
(7, 'PUNCTUALITY', 'J'),
(8, 'ALERTNESS', 'J'),
(9, 'NEATNESS', 'J'),
(10, 'HONESTY', 'J'),
(11, 'RELIABILITY', 'J'),
(12, 'RELATIONSHIP WITH OTHERS', 'J'),
(13, 'INDUSTYRY', 'J'),
(14, 'POLITENESS', 'J');

-- --------------------------------------------------------

--
-- Table structure for table `report_card_skills`
--

CREATE TABLE IF NOT EXISTS `report_card_skills` (
  `id` int(11) NOT NULL,
  `skills` text NOT NULL,
  `class_type` text NOT NULL
) ENGINE=InnoDB AUTO_INCREMENT=11 DEFAULT CHARSET=latin1;

--
-- Dumping data for table `report_card_skills`
--

INSERT INTO `report_card_skills` (`id`, `skills`, `class_type`) VALUES
(1, 'HANDWRITING', 'S'),
(2, 'GAMES & SPORTS', 'S'),
(3, 'DRAWING & ARTS', 'S'),
(4, 'MUSICAL SKILLS', 'S'),
(5, 'HANDWRITING', 'J'),
(6, 'GAMES & SPORTS', 'J'),
(7, 'DRAWING & ARTS', 'J'),
(8, 'PAINTING', 'J'),
(9, 'MUSICAL SKILLS', 'J'),
(10, 'CONSTRUCTION', 'J');

-- --------------------------------------------------------

--
-- Table structure for table `section`
--

CREATE TABLE IF NOT EXISTS `section` (
  `section_id` int(11) NOT NULL,
  `name` longtext COLLATE utf8_unicode_ci NOT NULL,
  `nick_name` longtext COLLATE utf8_unicode_ci NOT NULL,
  `class_id` int(11) NOT NULL,
  `teacher_id` int(11) NOT NULL
) ENGINE=InnoDB AUTO_INCREMENT=5 DEFAULT CHARSET=utf8 COLLATE=utf8_unicode_ci;

--
-- Dumping data for table `section`
--

INSERT INTO `section` (`section_id`, `name`, `nick_name`, `class_id`, `teacher_id`) VALUES
(1, 'A', '', 1, 0),
(2, 'A', '', 2, 0),
(3, 'A', '', 3, 0),
(4, 'A', '', 4, 0);

-- --------------------------------------------------------

--
-- Table structure for table `settings`
--

CREATE TABLE IF NOT EXISTS `settings` (
  `settings_id` int(11) NOT NULL,
  `type` longtext CHARACTER SET utf8 COLLATE utf8_unicode_ci NOT NULL,
  `description` longtext CHARACTER SET utf8 COLLATE utf8_unicode_ci NOT NULL
) ENGINE=MyISAM AUTO_INCREMENT=22 DEFAULT CHARSET=latin1;

--
-- Dumping data for table `settings`
--

INSERT INTO `settings` (`settings_id`, `type`, `description`) VALUES
(1, 'system_name', 'FUTMINNA Model Secondary School'),
(2, 'system_title', 'FUTMODEL'),
(3, 'address', 'Niger State, Minna'),
(4, 'phone', ''),
(5, 'paypal_email', ''),
(6, 'currency', ''),
(7, 'system_email', 'jokemiri@gmail.com'),
(20, 'active_sms_service', 'disabled'),
(11, 'language', 'english'),
(12, 'text_align', 'left-to-right'),
(13, 'clickatell_user', ''),
(14, 'clickatell_password', ''),
(15, 'clickatell_api_id', ''),
(16, 'skin_colour', 'red'),
(17, 'twilio_account_sid', ''),
(18, 'twilio_auth_token', ''),
(19, 'twilio_sender_phone_number', ''),
(21, 'running_year', '2016-2017');

-- --------------------------------------------------------

--
-- Table structure for table `student`
--

CREATE TABLE IF NOT EXISTS `student` (
  `student_id` int(11) NOT NULL,
  `student_code` longtext COLLATE utf8_unicode_ci NOT NULL,
  `name` longtext COLLATE utf8_unicode_ci NOT NULL,
  `birthday` longtext COLLATE utf8_unicode_ci NOT NULL,
  `sex` longtext COLLATE utf8_unicode_ci NOT NULL,
  `religion` longtext COLLATE utf8_unicode_ci NOT NULL,
  `blood_group` longtext COLLATE utf8_unicode_ci NOT NULL,
  `address` longtext COLLATE utf8_unicode_ci NOT NULL,
  `phone` longtext COLLATE utf8_unicode_ci NOT NULL,
  `email` longtext COLLATE utf8_unicode_ci NOT NULL,
  `password` longtext COLLATE utf8_unicode_ci NOT NULL,
  `parent_id` int(11) NOT NULL,
  `authentication_key` longtext COLLATE utf8_unicode_ci NOT NULL
) ENGINE=InnoDB AUTO_INCREMENT=30 DEFAULT CHARSET=utf8 COLLATE=utf8_unicode_ci;

--
-- Dumping data for table `student`
--

INSERT INTO `student` (`student_id`, `student_code`, `name`, `birthday`, `sex`, `religion`, `blood_group`, `address`, `phone`, `email`, `password`, `parent_id`, `authentication_key`) VALUES
(1, '', 'Mark Simon', '07/16/2015', 'male', '', '', 'Niger State, Minna', '0009988777', 'student@student.com', '$2y$10$23OOJQLuxzuMqey1NWvr2.niiyT8RsEGQIrW0EA.oNwpeMfAAT03e', 0, ''),
(2, '', 'STUD surname', '06/10/2014', 'male', '', '', 'Nakar Cas', '12345678901', 'student2@student.com', '$2y$10$23OOJQLuxzuMqey1NWvr2.niiyT8RsEGQIrW0EA.oNwpeMfAAT03e', 1, ''),
(3, '', 'stud 3', '05/13/2016', 'male', '', '', 'Niger State, Minna', '0009988777', 'teacher2@teacher.com', '4a82cb6db537ef6c5b53d144854e146de79502e8', 0, ''),
(4, '', 'stud 4', '05/13/2016', 'female', '', '', 'Niger State, Minna', '0009988777', 'student3@student.com', '$2y$10$23OOJQLuxzuMqey1NWvr2.niiyT8RsEGQIrW0EA.oNwpeMfAAT03e', 0, ''),
(5, '', 'CJ STUDENT', '05/13/2016', 'male', '', '', 'angwaan mkhhs', '0009988777', 'jokemiri@gmail.com', '$2y$10$meeGkwBaWLkbJ2fi0bysLeiCJ3xwfDrTtNTJqT6gCxjYCJkN.ufKK', 1, ''),
(6, '', 'Student 8', '', 'male', '', '', 'hygyugycgtr', '09887711', 'stj1@st.com', '204036a1ef6e7360e536300ea78c6aeb4a9333dd', 0, ''),
(7, '', 'Student 9', '', 'male', '', '', 'hygyugycgtr', '09887711', 'st2@st.com', '204036a1ef6e7360e536300ea78c6aeb4a9333dd', 0, ''),
(8, '', 'Student c', '', 'female', '', '', 'hygyugycgtr', '09887711', 'st3@st.com', '204036a1ef6e7360e536300ea78c6aeb4a9333dd', 0, ''),
(9, '', 'Student d', '', 'female', '', '', 'hygyugycgtr', '09887711', 'st4@st.com', '204036a1ef6e7360e536300ea78c6aeb4a9333dd', 0, ''),
(10, '', 'Student e', '', 'female', '', '', 'hygyugycgtr', '09887711', 'st5@st.com', '204036a1ef6e7360e536300ea78c6aeb4a9333dd', 0, ''),
(11, '', 'Student f', '', 'male', '', '', 'hygyugycgtr', '09887711', 'st6@st.com', '204036a1ef6e7360e536300ea78c6aeb4a9333dd', 0, ''),
(12, '', 'Student g', '', 'male', '', '', 'hygyugycgtr', '09887711', 'st7@st.com', '204036a1ef6e7360e536300ea78c6aeb4a9333dd', 0, ''),
(13, '', 'Student h', '', 'female', '', '', 'hygyugycgtr', '09887711', 'st8@st.com', '204036a1ef6e7360e536300ea78c6aeb4a9333dd', 0, ''),
(14, '', 'Student sMAS', '', 'male', '', '', 'hygyugycgtr', '7676868', 'ss1@s.com', '204036a1ef6e7360e536300ea78c6aeb4a9333dd', 0, ''),
(15, '', 'Student s6', '', 'male', '', '', 'hygyugycgtr', '85755', 'ss2@s.com', '204036a1ef6e7360e536300ea78c6aeb4a9333dd', 0, ''),
(16, '', 'Student s7', '', 'female', '', '', 'hygyugycgtr', '7676868', 'ss3@s.com', '204036a1ef6e7360e536300ea78c6aeb4a9333dd', 0, ''),
(17, '', 'Student s8', '', 'male', '', '', 'hygyugycgtr', '7676868', 'ss4@s.com', '204036a1ef6e7360e536300ea78c6aeb4a9333dd', 0, ''),
(18, '', 'Student s9', '', 'male', '', '', 'hygyugycgtr', '7676868', 'ss5@s.com', '204036a1ef6e7360e536300ea78c6aeb4a9333dd', 0, ''),
(19, '', 'Student s0', '', 'male', '', '', 'hygyugycgtr', '7676868', 'ss6@s.com', '204036a1ef6e7360e536300ea78c6aeb4a9333dd', 0, ''),
(20, '', 'Student s211', '', 'male', '', '', 'hygyugycgtr', '7676868', 'ss7@s.com', '204036a1ef6e7360e536300ea78c6aeb4a9333dd', 0, ''),
(21, '', 'Student s223', '', 'female', '', '', 'hygyugycgtr', '85755', 'ss8@s.com', '204036a1ef6e7360e536300ea78c6aeb4a9333dd', 0, ''),
(22, '', 'Student x2', '02/03/2010', 'male', '', '', 'Niger State, Minna', '0009988777', 'studentx2@student.com', '204036a1ef6e7360e536300ea78c6aeb4a9333dd', 2, ''),
(23, '', 'Mary Koole', '', 'female', '', '', 'hygyugycgtr', '7676868', 'student29@student.com', '204036a1ef6e7360e536300ea78c6aeb4a9333dd', 0, ''),
(24, '', 'Jerry K', '', 'male', '', '', 'hygyugycgtr', '7676868', 'student27@student.com', '204036a1ef6e7360e536300ea78c6aeb4a9333dd', 0, ''),
(25, '', 'chisom@chi.com', '', 'male', '', '', '', '12111111111', 'chika@chi.com', '$2y$10$Q3mzhv.qsOsE4so6XXmfW.FmxO7KSkaoXDGBvQ0eeS3gApb.OoF5G', 0, ''),
(26, '', 'Stude sthree', '', 'male', '', '', '', '11111111111', 's3@se.com', '$2y$10$goa7GGA9rmvsd5edLx.lCeZx9fwK8j7jKgXVEEYqstZoDoHDeSp.q', 0, ''),
(27, '', 'Stude snine', '', 'male', '', '', '', '11111111', 's9@se.com', '$2y$10$1t5O2TFJYtNIm2bU..nhr.Mn5K7ieMRvQxcr0vcRHRc1WxgD1NAzm', 0, ''),
(28, '', 'Stude sfour', '', 'male', '', '', '', '11111111', 's4@se.com', '$2y$10$HpNbhWBP0Fho4sgnH6sWmeSH/08WEPjdVdWe80pfI/gIYMPJ2.EsW', 0, ''),
(29, '', 'stude sfive', '', 'female', '', '', '', '11111111', 's5@se.com', '$2y$10$wrsVk5Iv8rXkEw009ffSeucMlECBFNfJT7hKb8ClylzB.r7nSXQ/6', 0, '');

-- --------------------------------------------------------

--
-- Table structure for table `subject`
--

CREATE TABLE IF NOT EXISTS `subject` (
  `subject_id` int(11) NOT NULL,
  `name` longtext COLLATE utf8_unicode_ci NOT NULL,
  `class_id` int(11) NOT NULL,
  `teacher_id` int(11) DEFAULT NULL,
  `year` longtext COLLATE utf8_unicode_ci NOT NULL
) ENGINE=InnoDB AUTO_INCREMENT=16 DEFAULT CHARSET=utf8 COLLATE=utf8_unicode_ci;

--
-- Dumping data for table `subject`
--

INSERT INTO `subject` (`subject_id`, `name`, `class_id`, `teacher_id`, `year`) VALUES
(1, 'Social Studies', 2, 0, '2016-2017'),
(2, 'Mathematics', 2, 1, '2016-2017'),
(3, 'Biology', 3, 1, '2016-2017'),
(4, 'Chemistry', 3, 3, '2016-2017'),
(5, 'Economics', 4, 4, '2016-2017'),
(6, 'Physics', 4, 0, '2016-2017'),
(7, 'English Language', 2, 0, '2016-2017'),
(8, 'PHE', 2, 0, '2016-2017'),
(12, 'Civic', 2, 2, '2016-2017'),
(13, 'French', 2, 0, '2016-2017'),
(14, 'Music', 2, 0, '2016-2017'),
(15, 'B/TECH', 2, 0, '2016-2017');

-- --------------------------------------------------------

--
-- Table structure for table `teacher`
--

CREATE TABLE IF NOT EXISTS `teacher` (
  `teacher_id` int(11) NOT NULL,
  `name` longtext COLLATE utf8_unicode_ci NOT NULL,
  `birthday` longtext COLLATE utf8_unicode_ci NOT NULL,
  `sex` longtext COLLATE utf8_unicode_ci NOT NULL,
  `religion` longtext COLLATE utf8_unicode_ci NOT NULL,
  `blood_group` longtext COLLATE utf8_unicode_ci NOT NULL,
  `address` longtext COLLATE utf8_unicode_ci NOT NULL,
  `phone` longtext COLLATE utf8_unicode_ci NOT NULL,
  `email` longtext COLLATE utf8_unicode_ci NOT NULL,
  `password` longtext COLLATE utf8_unicode_ci NOT NULL,
  `authentication_key` longtext COLLATE utf8_unicode_ci NOT NULL
) ENGINE=InnoDB AUTO_INCREMENT=5 DEFAULT CHARSET=utf8 COLLATE=utf8_unicode_ci;

--
-- Dumping data for table `teacher`
--

INSERT INTO `teacher` (`teacher_id`, `name`, `birthday`, `sex`, `religion`, `blood_group`, `address`, `phone`, `email`, `password`, `authentication_key`) VALUES
(1, 'Moses Danko', '07/13/2010', 'male', '', '', 'angwaan mkhhs', '998766666', 'teacher@teacher.com', '$2y$10$33bkCQmtp5pzXJHP40cin.WZ6/hp7YIk4mX6pQtuaxg1pnhniI7l2', ''),
(2, 'Alabi Owo', '05/12/2016', 'female', '', '', 'Niger State, Minna', '0008977', 'teacher2@teacher.com', '$2y$10$33bkCQmtp5pzXJHP40cin.WZ6/hp7YIk4mX6pQtuaxg1pnhniI7l2', ''),
(3, 'Nursery ASEW', '05/12/2016', 'male', '', '', 'Niger State, Minna', '0008977', 'teacher3@teacher.com', '$2y$10$33bkCQmtp5pzXJHP40cin.WZ6/hp7YIk4mX6pQtuaxg1pnhniI7l2', ''),
(4, 'Teacher 7', '02/01/2010', 'male', '', '', 'Niger State, Minna', '998766666', 'jokemiri44@imap.cc', '$2y$10$qh4wOXVZtme7eQIhBUNZdurVDksNbg8vtBtz278FoWoVUZLF.C/Tu', '');

--
-- Indexes for dumped tables
--

--
-- Indexes for table `academic_syllabus`
--
ALTER TABLE `academic_syllabus`
  ADD PRIMARY KEY (`academic_syllabus_id`);

--
-- Indexes for table `admin`
--
ALTER TABLE `admin`
  ADD PRIMARY KEY (`admin_id`);

--
-- Indexes for table `attendance`
--
ALTER TABLE `attendance`
  ADD PRIMARY KEY (`attendance_id`);

--
-- Indexes for table `attendance_backup`
--
ALTER TABLE `attendance_backup`
  ADD PRIMARY KEY (`attendance_id`);

--
-- Indexes for table `book`
--
ALTER TABLE `book`
  ADD PRIMARY KEY (`book_id`);

--
-- Indexes for table `calendar`
--
ALTER TABLE `calendar`
  ADD PRIMARY KEY (`calendar_id`);

--
-- Indexes for table `calendar_info`
--
ALTER TABLE `calendar_info`
  ADD PRIMARY KEY (`id`);

--
-- Indexes for table `ci_sessions`
--
ALTER TABLE `ci_sessions`
  ADD PRIMARY KEY (`id`), ADD KEY `ci_sessions_timestamp` (`timestamp`);

--
-- Indexes for table `class`
--
ALTER TABLE `class`
  ADD PRIMARY KEY (`class_id`);

--
-- Indexes for table `class_routine`
--
ALTER TABLE `class_routine`
  ADD PRIMARY KEY (`class_routine_id`);

--
-- Indexes for table `document`
--
ALTER TABLE `document`
  ADD PRIMARY KEY (`document_id`);

--
-- Indexes for table `enroll`
--
ALTER TABLE `enroll`
  ADD PRIMARY KEY (`enroll_id`);

--
-- Indexes for table `exam`
--
ALTER TABLE `exam`
  ADD PRIMARY KEY (`exam_id`);

--
-- Indexes for table `grade`
--
ALTER TABLE `grade`
  ADD PRIMARY KEY (`grade_id`);

--
-- Indexes for table `language`
--
ALTER TABLE `language`
  ADD PRIMARY KEY (`phrase_id`);

--
-- Indexes for table `mark`
--
ALTER TABLE `mark`
  ADD PRIMARY KEY (`mark_id`);

--
-- Indexes for table `message`
--
ALTER TABLE `message`
  ADD PRIMARY KEY (`message_id`);

--
-- Indexes for table `message_thread`
--
ALTER TABLE `message_thread`
  ADD PRIMARY KEY (`message_thread_id`);

--
-- Indexes for table `noticeboard`
--
ALTER TABLE `noticeboard`
  ADD PRIMARY KEY (`notice_id`);

--
-- Indexes for table `parent`
--
ALTER TABLE `parent`
  ADD PRIMARY KEY (`parent_id`);

--
-- Indexes for table `report_card_behaviour`
--
ALTER TABLE `report_card_behaviour`
  ADD PRIMARY KEY (`id`);

--
-- Indexes for table `report_card_skills`
--
ALTER TABLE `report_card_skills`
  ADD PRIMARY KEY (`id`);

--
-- Indexes for table `section`
--
ALTER TABLE `section`
  ADD PRIMARY KEY (`section_id`);

--
-- Indexes for table `settings`
--
ALTER TABLE `settings`
  ADD PRIMARY KEY (`settings_id`);

--
-- Indexes for table `student`
--
ALTER TABLE `student`
  ADD PRIMARY KEY (`student_id`);

--
-- Indexes for table `subject`
--
ALTER TABLE `subject`
  ADD PRIMARY KEY (`subject_id`);

--
-- Indexes for table `teacher`
--
ALTER TABLE `teacher`
  ADD PRIMARY KEY (`teacher_id`);

--
-- AUTO_INCREMENT for dumped tables
--

--
-- AUTO_INCREMENT for table `academic_syllabus`
--
ALTER TABLE `academic_syllabus`
  MODIFY `academic_syllabus_id` int(11) NOT NULL AUTO_INCREMENT;
--
-- AUTO_INCREMENT for table `admin`
--
ALTER TABLE `admin`
  MODIFY `admin_id` int(11) NOT NULL AUTO_INCREMENT,AUTO_INCREMENT=2;
--
-- AUTO_INCREMENT for table `attendance`
--
ALTER TABLE `attendance`
  MODIFY `attendance_id` int(11) NOT NULL AUTO_INCREMENT,AUTO_INCREMENT=26;
--
-- AUTO_INCREMENT for table `attendance_backup`
--
ALTER TABLE `attendance_backup`
  MODIFY `attendance_id` int(11) NOT NULL AUTO_INCREMENT,AUTO_INCREMENT=3;
--
-- AUTO_INCREMENT for table `book`
--
ALTER TABLE `book`
  MODIFY `book_id` int(11) NOT NULL AUTO_INCREMENT,AUTO_INCREMENT=3;
--
-- AUTO_INCREMENT for table `calendar`
--
ALTER TABLE `calendar`
  MODIFY `calendar_id` int(11) NOT NULL AUTO_INCREMENT,AUTO_INCREMENT=8;
--
-- AUTO_INCREMENT for table `calendar_info`
--
ALTER TABLE `calendar_info`
  MODIFY `id` int(11) NOT NULL AUTO_INCREMENT,AUTO_INCREMENT=28;
--
-- AUTO_INCREMENT for table `class`
--
ALTER TABLE `class`
  MODIFY `class_id` int(11) NOT NULL AUTO_INCREMENT,AUTO_INCREMENT=5;
--
-- AUTO_INCREMENT for table `class_routine`
--
ALTER TABLE `class_routine`
  MODIFY `class_routine_id` int(11) NOT NULL AUTO_INCREMENT,AUTO_INCREMENT=28;
--
-- AUTO_INCREMENT for table `document`
--
ALTER TABLE `document`
  MODIFY `document_id` int(11) NOT NULL AUTO_INCREMENT;
--
-- AUTO_INCREMENT for table `enroll`
--
ALTER TABLE `enroll`
  MODIFY `enroll_id` int(11) NOT NULL AUTO_INCREMENT,AUTO_INCREMENT=29;
--
-- AUTO_INCREMENT for table `exam`
--
ALTER TABLE `exam`
  MODIFY `exam_id` int(11) NOT NULL AUTO_INCREMENT,AUTO_INCREMENT=2;
--
-- AUTO_INCREMENT for table `grade`
--
ALTER TABLE `grade`
  MODIFY `grade_id` int(11) NOT NULL AUTO_INCREMENT,AUTO_INCREMENT=16;
--
-- AUTO_INCREMENT for table `language`
--
ALTER TABLE `language`
  MODIFY `phrase_id` int(11) NOT NULL AUTO_INCREMENT,AUTO_INCREMENT=384;
--
-- AUTO_INCREMENT for table `mark`
--
ALTER TABLE `mark`
  MODIFY `mark_id` int(11) NOT NULL AUTO_INCREMENT,AUTO_INCREMENT=143;
--
-- AUTO_INCREMENT for table `message`
--
ALTER TABLE `message`
  MODIFY `message_id` int(11) NOT NULL AUTO_INCREMENT,AUTO_INCREMENT=284;
--
-- AUTO_INCREMENT for table `message_thread`
--
ALTER TABLE `message_thread`
  MODIFY `message_thread_id` int(11) NOT NULL AUTO_INCREMENT;
--
-- AUTO_INCREMENT for table `noticeboard`
--
ALTER TABLE `noticeboard`
  MODIFY `notice_id` int(11) NOT NULL AUTO_INCREMENT,AUTO_INCREMENT=3;
--
-- AUTO_INCREMENT for table `parent`
--
ALTER TABLE `parent`
  MODIFY `parent_id` int(11) NOT NULL AUTO_INCREMENT,AUTO_INCREMENT=3;
--
-- AUTO_INCREMENT for table `report_card_behaviour`
--
ALTER TABLE `report_card_behaviour`
  MODIFY `id` int(11) NOT NULL AUTO_INCREMENT,AUTO_INCREMENT=15;
--
-- AUTO_INCREMENT for table `report_card_skills`
--
ALTER TABLE `report_card_skills`
  MODIFY `id` int(11) NOT NULL AUTO_INCREMENT,AUTO_INCREMENT=11;
--
-- AUTO_INCREMENT for table `section`
--
ALTER TABLE `section`
  MODIFY `section_id` int(11) NOT NULL AUTO_INCREMENT,AUTO_INCREMENT=5;
--
-- AUTO_INCREMENT for table `settings`
--
ALTER TABLE `settings`
  MODIFY `settings_id` int(11) NOT NULL AUTO_INCREMENT,AUTO_INCREMENT=22;
--
-- AUTO_INCREMENT for table `student`
--
ALTER TABLE `student`
  MODIFY `student_id` int(11) NOT NULL AUTO_INCREMENT,AUTO_INCREMENT=30;
--
-- AUTO_INCREMENT for table `subject`
--
ALTER TABLE `subject`
  MODIFY `subject_id` int(11) NOT NULL AUTO_INCREMENT,AUTO_INCREMENT=16;
--
-- AUTO_INCREMENT for table `teacher`
--
ALTER TABLE `teacher`
  MODIFY `teacher_id` int(11) NOT NULL AUTO_INCREMENT,AUTO_INCREMENT=5;
/*!40101 SET CHARACTER_SET_CLIENT=@OLD_CHARACTER_SET_CLIENT */;
/*!40101 SET CHARACTER_SET_RESULTS=@OLD_CHARACTER_SET_RESULTS */;
/*!40101 SET COLLATION_CONNECTION=@OLD_COLLATION_CONNECTION */;
